Food Name,Sample Code,Product Description,Food Group,Province/Territory of Origin,Country of Origin,Sample Type,Sub Sample,Sample Collection Date,Reason Collected,Human Illness Flag,Sampling Location Type,Sampling Location City Name,Sampling Location Province,Sampling Location Country,Lab Name,Analysis Completion Date,Result Operator,Result Value,Units of measurement,Analyte Name,Analyte Group,LOD,LOQ,MDL,Basis for Result,Quality Assurance,Result Comments,Test Method Name,Test Method Code,Instrumentation,Method Comments,Project Code,Project Name,Project Description,Organization
"Milk, 2%",6891,AA02,Milk,unknown-unknown,Unknown,Composite,No,2009-01-01,Surveillance,No,various,Calgary,Alberta,Canada,HC ORL - Ontario Region,2010-03-25,<LOD/MDL,0,ng/ml,Ochratoxin A,Mycotoxins,0.002,0.007,,,,Results are recovery corrected,Determination of Ochratoxin A in Food Samples by Liquid Chromatography - Electrospray Tandem Mass Spectrometry,ONT-SOP-0116,High Performance/Pressure Liquid Chromatograph (HPLC)-Tandem MS/MS,,BCS.TDS2010.Mycotoxin,Total Diet Study 2008 and 2009 Ochratoxin A,,Health Canada
"Milk, 2%",5582,AA02,Milk,unknown-unknown,Unknown,Composite,Yes,2008-01-01,Surveillance,No,,Quebec City,Quebec,Canada,HC ORL - Ontario Region,2009-02-19,<LOD/MDL,0,ng/ml,Ochratoxin A,Mycotoxins,0.002,0.007,,,,Results are recovery corrected,Determination of Ochratoxin A in Food Samples by Liquid Chromatography - Electrospray Tandem Mass Spectrometry,ONT-SOP-0116,High Performance/Pressure Liquid Chromatograph (HPLC)-Tandem MS/MS,,BCS.TDS2010.Mycotoxin,Total Diet Study 2008 and 2009 Ochratoxin A,,Health Canada
Ice Cream,6892,AA07,"Dairy-based desserts (e.g., pudding, ice cream, flavoured yogurt)",unknown-unknown,Unknown,Composite,No,2009-01-01,Surveillance,No,various,Calgary,Alberta,Canada,HC ORL - Ontario Region,2010-03-25,=,0.026,ng/ml,Ochratoxin A,Mycotoxins,0.003,0.01,,,,Results are recovery corrected,Determination of Ochratoxin A in Food Samples by Liquid Chromatography - Electrospray Tandem Mass Spectrometry,ONT-SOP-0116,High Performance/Pressure Liquid Chromatograph (HPLC)-Tandem MS/MS,,BCS.TDS2010.Mycotoxin,Total Diet Study 2008 and 2009 Ochratoxin A,,Health Canada
Ice Cream,5627,AA07,"Dairy-based desserts (e.g., pudding, ice cream, flavoured yogurt)",unknown-unknown,Unknown,Composite,Yes,2008-01-01,Surveillance,No,,Quebec City,Quebec,Canada,HC ORL - Ontario Region,2009-02-19,=,0.019,ng/ml,Ochratoxin A,Mycotoxins,0.001,0.004,,,,Results are recovery corrected,Determination of Ochratoxin A in Food Samples by Liquid Chromatography - Electrospray Tandem Mass Spectrometry,ONT-SOP-0116,High Performance/Pressure Liquid Chromatograph (HPLC)-Tandem MS/MS,,BCS.TDS2010.Mycotoxin,Total Diet Study 2008 and 2009 Ochratoxin A,,Health Canada
"Cheese, Hard",6893,AA09,Ripened cheese,unknown-unknown,Unknown,Composite,No,2009-01-01,Surveillance,No,various,Calgary,Alberta,Canada,HC ORL - Ontario Region,2010-03-25,<LOD/MDL,0,ng/g,Ochratoxin A,Mycotoxins,0.003,0.01,,,,Results are recovery corrected,Determination of Ochratoxin A in Food Samples by Liquid Chromatography - Electrospray Tandem Mass Spectrometry,ONT-SOP-0116,High Performance/Pressure Liquid Chromatograph (HPLC)-Tandem MS/MS,,BCS.TDS2010.Mycotoxin,Total Diet Study 2008 and 2009 Ochratoxin A,,Health Canada
"Cheese, Hard",5583,AA09,Ripened cheese,unknown-unknown,Unknown,Composite,Yes,2008-01-01,Surveillance,No,,Quebec City,Quebec,Canada,HC ORL - Ontario Region,2009-02-19,=,0.004,ng/g,Ochratoxin A,Mycotoxins,0.012,0.039,,,,Results are recovery corrected,Determination of Ochratoxin A in Food Samples by Liquid Chromatography - Electrospray Tandem Mass Spectrometry,ONT-SOP-0116,High Performance/Pressure Liquid Chromatograph (HPLC)-Tandem MS/MS,,BCS.TDS2010.Mycotoxin,Total Diet Study 2008 and 2009 Ochratoxin A,,Health Canada
"Cheese, Processed",6894,AA11,Unripened cheese,unknown-unknown,Unknown,Composite,No,2009-01-01,Surveillance,No,various,Calgary,Alberta,Canada,HC ORL - Ontario Region,2010-03-25,<LOD/MDL,0,ng/g,Ochratoxin A,Mycotoxins,0.005,0.017,,,,Results are recovery corrected,Determination of Ochratoxin A in Food Samples by Liquid Chromatography - Electrospray Tandem Mass Spectrometry,ONT-SOP-0116,High Performance/Pressure Liquid Chromatograph (HPLC)-Tandem MS/MS,,BCS.TDS2010.Mycotoxin,Total Diet Study 2008 and 2009 Ochratoxin A,,Health Canada
"Cheese, Processed",5584,AA11,Unripened cheese,unknown-unknown,Unknown,Composite,Yes,2008-01-01,Surveillance,No,,Quebec City,Quebec,Canada,HC ORL - Ontario Region,2009-02-19,=,0.004,ng/g,Ochratoxin A,Mycotoxins,0.006,0.021,,,,Results are recovery corrected,Determination of Ochratoxin A in Food Samples by Liquid Chromatography - Electrospray Tandem Mass Spectrometry,ONT-SOP-0116,High Performance/Pressure Liquid Chromatograph (HPLC)-Tandem MS/MS,,BCS.TDS2010.Mycotoxin,Total Diet Study 2008 and 2009 Ochratoxin A,,Health Canada
Chocolate Milk 1%,6895,AA13,"Dairy-based drinks, flavoured and/or fermented",unknown-unknown,Unknown,Composite,No,2009-01-01,Surveillance,No,various,Calgary,Alberta,Canada,HC ORL - Ontario Region,2010-03-25,=,0.009,ng/ml,Ochratoxin A,Mycotoxins,0.002,0.007,,,,Results are recovery corrected,Determination of Ochratoxin A in Food Samples by Liquid Chromatography - Electrospray Tandem Mass Spectrometry,ONT-SOP-0116,High Performance/Pressure Liquid Chromatograph (HPLC)-Tandem MS/MS,,BCS.TDS2010.Mycotoxin,Total Diet Study 2008 and 2009 Ochratoxin A,,Health Canada
Chocolate Milk 1%,5523,AA13,"Dairy-based drinks, flavoured and/or fermented",unknown-unknown,Unknown,Composite,Yes,2008-01-01,Surveillance,No,,Quebec City,Quebec,Canada,HC ORL - Ontario Region,2009-02-19,=,0.016,ng/ml,Ochratoxin A,Mycotoxins,0.001,0.005,,,,Results are recovery corrected,Determination of Ochratoxin A in Food Samples by Liquid Chromatography - Electrospray Tandem Mass Spectrometry,ONT-SOP-0116,High Performance/Pressure Liquid Chromatograph (HPLC)-Tandem MS/MS,,BCS.TDS2010.Mycotoxin,Total Diet Study 2008 and 2009 Ochratoxin A,,Health Canada
"Pork Ground, other",6896,BB04,Pork,unknown-unknown,Unknown,Composite,No,2009-01-01,Surveillance,No,various,Calgary,Alberta,Canada,HC ORL - Ontario Region,2010-04-14,=,0.228,ng/g,Ochratoxin A,Mycotoxins,0.002,0.007,,,,Results are recovery corrected,Determination of Ochratoxin A in Food Samples by Liquid Chromatography - Electrospray Tandem Mass Spectrometry,ONT-SOP-0116,High Performance/Pressure Liquid Chromatograph (HPLC)-Tandem MS/MS,,BCS.TDS2010.Mycotoxin,Total Diet Study 2008 and 2009 Ochratoxin A,,Health Canada
"Pork Ground, other",5586,BB04,Pork,unknown-unknown,Unknown,Composite,Yes,2008-01-01,Surveillance,No,,Quebec City,Quebec,Canada,HC ORL - Ontario Region,2009-04-02,=,0.031,ng/g,Ochratoxin A,Mycotoxins,0.005,0.016,,,,Results are recovery corrected,Determination of Ochratoxin A in Food Samples by Liquid Chromatography - Electrospray Tandem Mass Spectrometry,ONT-SOP-0116,High Performance/Pressure Liquid Chromatograph (HPLC)-Tandem MS/MS,,BCS.TDS2010.Mycotoxin,Total Diet Study 2008 and 2009 Ochratoxin A,,Health Canada
"Bologna, Chicken",6897,BB05,Pork,unknown-unknown,Unknown,Composite,No,2009-01-01,Surveillance,No,various,Calgary,Alberta,Canada,HC ORL - Ontario Region,2010-04-14,=,0.195,ng/g,Ochratoxin A,Mycotoxins,0.002,0.006,,,,Results are recovery corrected,Determination of Ochratoxin A in Food Samples by Liquid Chromatography - Electrospray Tandem Mass Spectrometry,ONT-SOP-0116,High Performance/Pressure Liquid Chromatograph (HPLC)-Tandem MS/MS,,BCS.TDS2010.Mycotoxin,Total Diet Study 2008 and 2009 Ochratoxin A,,Health Canada
"Bologna, Chicken",5573,BB05,Pork,unknown-unknown,Unknown,Composite,Yes,2008-01-01,Surveillance,No,,Quebec City,Quebec,Canada,HC ORL - Ontario Region,2009-04-02,=,0.063,ng/g,Ochratoxin A,Mycotoxins,0.005,0.018,,,,Results are recovery corrected,Determination of Ochratoxin A in Food Samples by Liquid Chromatography - Electrospray Tandem Mass Spectrometry,ONT-SOP-0116,High Performance/Pressure Liquid Chromatograph (HPLC)-Tandem MS/MS,,BCS.TDS2010.Mycotoxin,Total Diet Study 2008 and 2009 Ochratoxin A,,Health Canada
"Veal Cutlets, Bone-In",6898,BB06,Veal,unknown-unknown,Unknown,Composite,No,2009-01-01,Surveillance,No,various,Calgary,Alberta,Canada,HC ORL - Ontario Region,2010-04-14,<LOD/MDL,0,ng/g,Ochratoxin A,Mycotoxins,0.002,0.007,,,,Results are recovery corrected,Determination of Ochratoxin A in Food Samples by Liquid Chromatography - Electrospray Tandem Mass Spectrometry,ONT-SOP-0116,High Performance/Pressure Liquid Chromatograph (HPLC)-Tandem MS/MS,,BCS.TDS2010.Mycotoxin,Total Diet Study 2008 and 2009 Ochratoxin A,,Health Canada
"Veal Cutlets, Bone-In",5578,BB06,Veal,unknown-unknown,Unknown,Composite,Yes,2008-01-01,Surveillance,No,,Quebec City,Quebec,Canada,HC ORL - Ontario Region,2009-04-02,<LOD/MDL,0,ng/g,Ochratoxin A,Mycotoxins,0.005,0.017,,,,Results are recovery corrected,Determination of Ochratoxin A in Food Samples by Liquid Chromatography - Electrospray Tandem Mass Spectrometry,ONT-SOP-0116,High Performance/Pressure Liquid Chromatograph (HPLC)-Tandem MS/MS,,BCS.TDS2010.Mycotoxin,Total Diet Study 2008 and 2009 Ochratoxin A,,Health Canada
"Lamb, Ground",6899,BB07,Lamb,unknown-unknown,Unknown,Composite,No,2009-01-01,Surveillance,No,various,Calgary,Alberta,Canada,HC ORL - Ontario Region,2010-04-14,<LOD/MDL,0,ng/g,Ochratoxin A,Mycotoxins,0.002,0.007,,,,Results are recovery corrected,Determination of Ochratoxin A in Food Samples by Liquid Chromatography - Electrospray Tandem Mass Spectrometry,ONT-SOP-0116,High Performance/Pressure Liquid Chromatograph (HPLC)-Tandem MS/MS,,BCS.TDS2010.Mycotoxin,Total Diet Study 2008 and 2009 Ochratoxin A,,Health Canada
"Lamb, Ground",5546,BB07,Lamb,unknown-unknown,Unknown,Composite,Yes,2008-01-01,Surveillance,No,,Quebec City,Quebec,Canada,HC ORL - Ontario Region,2009-04-02,<LOD/MDL,0,ng/g,Ochratoxin A,Mycotoxins,0.005,0.017,,,,Results are recovery corrected,Determination of Ochratoxin A in Food Samples by Liquid Chromatography - Electrospray Tandem Mass Spectrometry,ONT-SOP-0116,High Performance/Pressure Liquid Chromatograph (HPLC)-Tandem MS/MS,,BCS.TDS2010.Mycotoxin,Total Diet Study 2008 and 2009 Ochratoxin A,,Health Canada
Canned Luncheon Meat,6900,BB09,Other,unknown-unknown,Unknown,Composite,No,2009-01-01,Surveillance,No,various,Calgary,Alberta,Canada,HC ORL - Ontario Region,2010-04-14,=,0.014,ng/g,Ochratoxin A,Mycotoxins,0.002,0.006,,,,Results are recovery corrected,Determination of Ochratoxin A in Food Samples by Liquid Chromatography - Electrospray Tandem Mass Spectrometry,ONT-SOP-0116,High Performance/Pressure Liquid Chromatograph (HPLC)-Tandem MS/MS,,BCS.TDS2010.Mycotoxin,Total Diet Study 2008 and 2009 Ochratoxin A,,Health Canada
Canned Luncheon Meat,5552,BB09,Other,unknown-unknown,Unknown,Composite,Yes,2008-01-01,Surveillance,No,,Quebec City,Quebec,Canada,HC ORL - Ontario Region,2009-04-02,=,0.012,ng/g,Ochratoxin A,Mycotoxins,0.003,0.011,,,,Results are recovery corrected,Determination of Ochratoxin A in Food Samples by Liquid Chromatography - Electrospray Tandem Mass Spectrometry,ONT-SOP-0116,High Performance/Pressure Liquid Chromatograph (HPLC)-Tandem MS/MS,,BCS.TDS2010.Mycotoxin,Total Diet Study 2008 and 2009 Ochratoxin A,,Health Canada
Organ Meat,6901,BB10,"Fresh meat, poultry, and game, comminuted",unknown-unknown,Unknown,Composite,No,2009-01-01,Surveillance,No,various,Calgary,Alberta,Canada,HC ORL - Ontario Region,2010-04-14,=,0.008,ng/g,Ochratoxin A,Mycotoxins,0.006,0.02,,,,Results are recovery corrected,Determination of Ochratoxin A in Food Samples by Liquid Chromatography - Electrospray Tandem Mass Spectrometry,ONT-SOP-0116,High Performance/Pressure Liquid Chromatograph (HPLC)-Tandem MS/MS,,BCS.TDS2010.Mycotoxin,Total Diet Study 2008 and 2009 Ochratoxin A,,Health Canada
Organ Meat,5559,BB10,"Fresh meat, poultry, and game, comminuted",unknown-unknown,Unknown,Composite,Yes,2008-01-01,Surveillance,No,,Quebec City,Quebec,Canada,HC ORL - Ontario Region,2009-04-14,<LOD/MDL,0,ng/g,Ochratoxin A,Mycotoxins,0.003,0.01,,,,Results are recovery corrected,Determination of Ochratoxin A in Food Samples by Liquid Chromatography - Electrospray Tandem Mass Spectrometry,ONT-SOP-0116,High Performance/Pressure Liquid Chromatograph (HPLC)-Tandem MS/MS,,BCS.TDS2010.Mycotoxin,Total Diet Study 2008 and 2009 Ochratoxin A,,Health Canada
Wieners,6902,BB11,Other,unknown-unknown,Unknown,Composite,No,2009-01-01,Surveillance,No,various,Calgary,Alberta,Canada,HC ORL - Ontario Region,2010-04-14,=,0.061,ng/g,Ochratoxin A,Mycotoxins,0.002,0.006,,,,Results are recovery corrected,Determination of Ochratoxin A in Food Samples by Liquid Chromatography - Electrospray Tandem Mass Spectrometry,ONT-SOP-0116,High Performance/Pressure Liquid Chromatograph (HPLC)-Tandem MS/MS,,BCS.TDS2010.Mycotoxin,Total Diet Study 2008 and 2009 Ochratoxin A,,Health Canada
Wieners,5561,BB11,Other,unknown-unknown,Unknown,Composite,Yes,2008-01-01,Surveillance,No,,Quebec City,Quebec,Canada,HC ORL - Ontario Region,2009-04-02,=,0.117,ng/g,Ochratoxin A,Mycotoxins,0.003,0.009,,,,Results are recovery corrected,Determination of Ochratoxin A in Food Samples by Liquid Chromatography - Electrospray Tandem Mass Spectrometry,ONT-SOP-0116,High Performance/Pressure Liquid Chromatograph (HPLC)-Tandem MS/MS,,BCS.TDS2010.Mycotoxin,Total Diet Study 2008 and 2009 Ochratoxin A,,Health Canada
"Eggs, fresh",6903,CC01,Fresh eggs,unknown-unknown,Unknown,Composite,No,2009-01-01,Surveillance,No,various,Calgary,Alberta,Canada,HC ORL - Ontario Region,2010-04-08,<LOD/MDL,0,ng/g,Ochratoxin A,Mycotoxins,0.004,0.013,,,,Results are recovery corrected,Determination of Ochratoxin A in Food Samples by Liquid Chromatography - Electrospray Tandem Mass Spectrometry,ONT-SOP-0116,High Performance/Pressure Liquid Chromatograph (HPLC)-Tandem MS/MS,,BCS.TDS2010.Mycotoxin,Total Diet Study 2008 and 2009 Ochratoxin A,,Health Canada
"Eggs, fresh",5579,CC01,Fresh eggs,unknown-unknown,Unknown,Composite,Yes,2008-01-01,Surveillance,No,,Quebec City,Quebec,Canada,HC ORL - Ontario Region,2009-04-09,<LOD/MDL,0,ng/g,Ochratoxin A,Mycotoxins,0.006,0.02,,,,Results are recovery corrected,Determination of Ochratoxin A in Food Samples by Liquid Chromatography - Electrospray Tandem Mass Spectrometry,ONT-SOP-0116,High Performance/Pressure Liquid Chromatograph (HPLC)-Tandem MS/MS,,BCS.TDS2010.Mycotoxin,Total Diet Study 2008 and 2009 Ochratoxin A,,Health Canada
"Bread, White",6904,FF01,Bread,unknown-unknown,Unknown,Composite,No,2009-01-01,Surveillance,No,various,Calgary,Alberta,Canada,HC ORL - Ontario Region,2010-03-08,=,0.666,ng/g,Ochratoxin A,Mycotoxins,0.003,0.011,,,,Results are recovery corrected,Determination of Ochratoxin A in Food Samples by Liquid Chromatography - Electrospray Tandem Mass Spectrometry,ONT-SOP-0116,High Performance/Pressure Liquid Chromatograph (HPLC)-Tandem MS/MS,,BCS.TDS2010.Mycotoxin,Total Diet Study 2008 and 2009 Ochratoxin A,,Health Canada
"Bread, White",5580,FF01,Bread,unknown-unknown,Unknown,Composite,Yes,2008-01-01,Surveillance,No,,Quebec City,Quebec,Canada,HC ORL - Ontario Region,2009-02-26,=,0.769,ng/g,Ochratoxin A,Mycotoxins,0.002,0.008,,,,Results are recovery corrected,Determination of Ochratoxin A in Food Samples by Liquid Chromatography - Electrospray Tandem Mass Spectrometry,ONT-SOP-0116,High Performance/Pressure Liquid Chromatograph (HPLC)-Tandem MS/MS,,BCS.TDS2010.Mycotoxin,Total Diet Study 2008 and 2009 Ochratoxin A,,Health Canada
"Bread, Whole Wheat",6905,FF02,Bread,unknown-unknown,Unknown,Composite,No,2009-01-01,Surveillance,No,various,Calgary,Alberta,Canada,HC ORL - Ontario Region,2010-03-08,=,0.833,ng/g,Ochratoxin A,Mycotoxins,0.003,0.011,,,,Results are recovery corrected,Determination of Ochratoxin A in Food Samples by Liquid Chromatography - Electrospray Tandem Mass Spectrometry,ONT-SOP-0116,High Performance/Pressure Liquid Chromatograph (HPLC)-Tandem MS/MS,,BCS.TDS2010.Mycotoxin,Total Diet Study 2008 and 2009 Ochratoxin A,,Health Canada
"Bread, Whole Wheat",5581,FF02,Bread,unknown-unknown,Unknown,Composite,Yes,2008-01-01,Surveillance,No,,Quebec City,Quebec,Canada,HC ORL - Ontario Region,2009-02-26,=,1.272,ng/g,Ochratoxin A,Mycotoxins,0.004,0.013,,,,Results are recovery corrected,Determination of Ochratoxin A in Food Samples by Liquid Chromatography - Electrospray Tandem Mass Spectrometry,ONT-SOP-0116,High Performance/Pressure Liquid Chromatograph (HPLC)-Tandem MS/MS,,BCS.TDS2010.Mycotoxin,Total Diet Study 2008 and 2009 Ochratoxin A,,Health Canada
"Bread, Rye",6906,FF03,Bread,unknown-unknown,Unknown,Composite,No,2009-01-01,Surveillance,No,various,Calgary,Alberta,Canada,HC ORL - Ontario Region,2010-03-08,=,0.565,ng/g,Ochratoxin A,Mycotoxins,0.003,0.009,,,,Results are recovery corrected,Determination of Ochratoxin A in Food Samples by Liquid Chromatography - Electrospray Tandem Mass Spectrometry,ONT-SOP-0116,High Performance/Pressure Liquid Chromatograph (HPLC)-Tandem MS/MS,,BCS.TDS2010.Mycotoxin,Total Diet Study 2008 and 2009 Ochratoxin A,,Health Canada
"Bread, Rye",5577,FF03,Bread,unknown-unknown,Unknown,Composite,Yes,2008-01-01,Surveillance,No,,Quebec City,Quebec,Canada,HC ORL - Ontario Region,2009-02-26,=,0.997,ng/g,Ochratoxin A,Mycotoxins,0.003,0.009,,,,Results are recovery corrected,Determination of Ochratoxin A in Food Samples by Liquid Chromatography - Electrospray Tandem Mass Spectrometry,ONT-SOP-0116,High Performance/Pressure Liquid Chromatograph (HPLC)-Tandem MS/MS,,BCS.TDS2010.Mycotoxin,Total Diet Study 2008 and 2009 Ochratoxin A,,Health Canada
Cake,6907,FF04,Cakes,unknown-unknown,Unknown,Composite,No,2009-01-01,Surveillance,No,various,Calgary,Alberta,Canada,HC ORL - Ontario Region,2010-03-31,=,0.042,ng/g,Ochratoxin A,Mycotoxins,0.001,0.005,,,,Results are recovery corrected,Determination of Ochratoxin A in Food Samples by Liquid Chromatography - Electrospray Tandem Mass Spectrometry,ONT-SOP-0116,High Performance/Pressure Liquid Chromatograph (HPLC)-Tandem MS/MS,,BCS.TDS2010.Mycotoxin,Total Diet Study 2008 and 2009 Ochratoxin A,,Health Canada
Cake,5544,FF04,Cakes,unknown-unknown,Unknown,Composite,Yes,2008-01-01,Surveillance,No,,Quebec City,Quebec,Canada,HC ORL - Ontario Region,2009-03-27,=,0.072,ng/g,Ochratoxin A,Mycotoxins,0.002,0.005,,,,Results are recovery corrected,Determination of Ochratoxin A in Food Samples by Liquid Chromatography - Electrospray Tandem Mass Spectrometry,ONT-SOP-0116,High Performance/Pressure Liquid Chromatograph (HPLC)-Tandem MS/MS,,BCS.TDS2010.Mycotoxin,Total Diet Study 2008 and 2009 Ochratoxin A,,Health Canada
"Hot Cereals, Wheat-Based",6908,FF05,Hot Cereals,unknown-unknown,Unknown,Composite,No,2009-01-01,Surveillance,No,various,Calgary,Alberta,Canada,HC ORL - Ontario Region,2010-03-10,=,0.007,ng/g,Ochratoxin A,Mycotoxins,0.003,0.01,,,,Results are recovery corrected,Determination of Ochratoxin A in Food Samples by Liquid Chromatography - Electrospray Tandem Mass Spectrometry,ONT-SOP-0116,High Performance/Pressure Liquid Chromatograph (HPLC)-Tandem MS/MS,,BCS.TDS2010.Mycotoxin,Total Diet Study 2008 and 2009 Ochratoxin A,,Health Canada
"Hot Cereals, Wheat-Based",5540,FF05,Hot Cereals,unknown-unknown,Unknown,Composite,Yes,2008-01-01,Surveillance,No,,Quebec City,Quebec,Canada,HC ORL - Ontario Region,2009-03-05,=,0.037,ng/g,Ochratoxin A,Mycotoxins,0.002,0.008,,,,Results are recovery corrected,Determination of Ochratoxin A in Food Samples by Liquid Chromatography - Electrospray Tandem Mass Spectrometry,ONT-SOP-0116,High Performance/Pressure Liquid Chromatograph (HPLC)-Tandem MS/MS,,BCS.TDS2010.Mycotoxin,Total Diet Study 2008 and 2009 Ochratoxin A,,Health Canada
"Cold Cereals, Corn Based",6909,FF06,Ready-to-eat cereals,unknown-unknown,Unknown,Composite,No,2009-01-01,Surveillance,No,various,Calgary,Alberta,Canada,HC ORL - Ontario Region,2010-03-10,=,0.011,ng/g,Ochratoxin A,Mycotoxins,0.003,0.011,,,,Results are recovery corrected,Determination of Ochratoxin A in Food Samples by Liquid Chromatography - Electrospray Tandem Mass Spectrometry,ONT-SOP-0116,High Performance/Pressure Liquid Chromatograph (HPLC)-Tandem MS/MS,,BCS.TDS2010.Mycotoxin,Total Diet Study 2008 and 2009 Ochratoxin A,,Health Canada
"Cold Cereals, Corn Based",5536,FF06,Ready-to-eat cereals,unknown-unknown,Unknown,Composite,Yes,2008-01-01,Surveillance,No,,Quebec City,Quebec,Canada,HC ORL - Ontario Region,2009-03-05,=,0.007,ng/g,Ochratoxin A,Mycotoxins,0.003,0.009,,,,Results are recovery corrected,Determination of Ochratoxin A in Food Samples by Liquid Chromatography - Electrospray Tandem Mass Spectrometry,ONT-SOP-0116,High Performance/Pressure Liquid Chromatograph (HPLC)-Tandem MS/MS,,BCS.TDS2010.Mycotoxin,Total Diet Study 2008 and 2009 Ochratoxin A,,Health Canada
"Cold Cereals, Oat Based",6910,FF07,Ready-to-eat cereals,unknown-unknown,Unknown,Composite,No,2009-01-01,Surveillance,No,various,Calgary,Alberta,Canada,HC ORL - Ontario Region,2010-03-10,=,0.111,ng/g,Ochratoxin A,Mycotoxins,0.002,0.008,,,,Results are recovery corrected,Determination of Ochratoxin A in Food Samples by Liquid Chromatography - Electrospray Tandem Mass Spectrometry,ONT-SOP-0116,High Performance/Pressure Liquid Chromatograph (HPLC)-Tandem MS/MS,,BCS.TDS2010.Mycotoxin,Total Diet Study 2008 and 2009 Ochratoxin A,,Health Canada
"Cold Cereals, Oat Based",5532,FF07,Ready-to-eat cereals,unknown-unknown,Unknown,Composite,Yes,2008-01-01,Surveillance,No,,Quebec City,Quebec,Canada,HC ORL - Ontario Region,2009-04-14,=,0.11,ng/g,Ochratoxin A,Mycotoxins,0.003,0.01,,,,Results are recovery corrected,Determination of Ochratoxin A in Food Samples by Liquid Chromatography - Electrospray Tandem Mass Spectrometry,ONT-SOP-0116,High Performance/Pressure Liquid Chromatograph (HPLC)-Tandem MS/MS,,BCS.TDS2010.Mycotoxin,Total Diet Study 2008 and 2009 Ochratoxin A,,Health Canada
"Cereal, Rice, Bran",6911,FF08,Composite cereal,unknown-unknown,Unknown,Composite,No,2009-01-01,Surveillance,No,various,Calgary,Alberta,Canada,HC ORL - Ontario Region,2010-03-10,=,0.264,ng/g,Ochratoxin A,Mycotoxins,0.002,0.007,,,,Results are recovery corrected,Determination of Ochratoxin A in Food Samples by Liquid Chromatography - Electrospray Tandem Mass Spectrometry,ONT-SOP-0116,High Performance/Pressure Liquid Chromatograph (HPLC)-Tandem MS/MS,,BCS.TDS2010.Mycotoxin,Total Diet Study 2008 and 2009 Ochratoxin A,,Health Canada
"Cereal, Rice, Bran",5528,FF08,Composite cereal,unknown-unknown,Unknown,Composite,Yes,2008-01-01,Surveillance,No,,Quebec City,Quebec,Canada,HC ORL - Ontario Region,2009-03-05,=,0.266,ng/g,Ochratoxin A,Mycotoxins,0.005,0.015,,,,Results are recovery corrected,Determination of Ochratoxin A in Food Samples by Liquid Chromatography - Electrospray Tandem Mass Spectrometry,ONT-SOP-0116,High Performance/Pressure Liquid Chromatograph (HPLC)-Tandem MS/MS,,BCS.TDS2010.Mycotoxin,Total Diet Study 2008 and 2009 Ochratoxin A,,Health Canada
Cookies,6912,FF09,Cookies,unknown-unknown,Unknown,Composite,No,2009-01-01,Surveillance,No,various,Calgary,Alberta,Canada,HC ORL - Ontario Region,2010-03-10,=,0.2,ng/g,Ochratoxin A,Mycotoxins,0.002,0.008,,,,Results are recovery corrected,Determination of Ochratoxin A in Food Samples by Liquid Chromatography - Electrospray Tandem Mass Spectrometry,ONT-SOP-0116,High Performance/Pressure Liquid Chromatograph (HPLC)-Tandem MS/MS,,BCS.TDS2010.Mycotoxin,Total Diet Study 2008 and 2009 Ochratoxin A,,Health Canada
Cookies,5527,FF09,Cookies,unknown-unknown,Unknown,Composite,Yes,2008-01-01,Surveillance,No,,Quebec City,Quebec,Canada,HC ORL - Ontario Region,2009-03-05,=,0.214,ng/g,Ochratoxin A,Mycotoxins,0.003,0.009,,,,Results are recovery corrected,Determination of Ochratoxin A in Food Samples by Liquid Chromatography - Electrospray Tandem Mass Spectrometry,ONT-SOP-0116,High Performance/Pressure Liquid Chromatograph (HPLC)-Tandem MS/MS,,BCS.TDS2010.Mycotoxin,Total Diet Study 2008 and 2009 Ochratoxin A,,Health Canada
"Crackers, other",6913,FF10,Crackers,unknown-unknown,Unknown,Composite,No,2009-01-01,Surveillance,No,various,Calgary,Alberta,Canada,HC ORL - Ontario Region,2010-03-10,=,0.033,ng/g,Ochratoxin A,Mycotoxins,0.003,0.009,,,,Results are recovery corrected,Determination of Ochratoxin A in Food Samples by Liquid Chromatography - Electrospray Tandem Mass Spectrometry,ONT-SOP-0116,High Performance/Pressure Liquid Chromatograph (HPLC)-Tandem MS/MS,,BCS.TDS2010.Mycotoxin,Total Diet Study 2008 and 2009 Ochratoxin A,,Health Canada
"Crackers, other",5531,FF10,Crackers,unknown-unknown,Unknown,Composite,Yes,2008-01-01,Surveillance,No,,Quebec City,Quebec,Canada,HC ORL - Ontario Region,2009-03-05,=,0.439,ng/g,Ochratoxin A,Mycotoxins,0.003,0.011,,,,Results are recovery corrected,Determination of Ochratoxin A in Food Samples by Liquid Chromatography - Electrospray Tandem Mass Spectrometry,ONT-SOP-0116,High Performance/Pressure Liquid Chromatograph (HPLC)-Tandem MS/MS,,BCS.TDS2010.Mycotoxin,Total Diet Study 2008 and 2009 Ochratoxin A,,Health Canada
"Danish, Donuts, Croissants",6914,FF11,"Fine bakery products (e.g., doughnuts, sweet rolls, scones, muffins)",unknown-unknown,Unknown,Composite,No,2009-01-01,Surveillance,No,various,Calgary,Alberta,Canada,HC ORL - Ontario Region,2010-03-08,=,0.351,ng/g,Ochratoxin A,Mycotoxins,0.003,0.01,,,,Results are recovery corrected,Determination of Ochratoxin A in Food Samples by Liquid Chromatography - Electrospray Tandem Mass Spectrometry,ONT-SOP-0116,High Performance/Pressure Liquid Chromatograph (HPLC)-Tandem MS/MS,,BCS.TDS2010.Mycotoxin,Total Diet Study 2008 and 2009 Ochratoxin A,,Health Canada
"Danish, Donuts, Croissants",5535,FF11,"Fine bakery products (e.g., doughnuts, sweet rolls, scones, muffins)",unknown-unknown,Unknown,Composite,Yes,2008-01-01,Surveillance,No,,Quebec City,Quebec,Canada,HC ORL - Ontario Region,2009-02-26,=,0.241,ng/g,Ochratoxin A,Mycotoxins,0.002,0.006,,,,Results are recovery corrected,Determination of Ochratoxin A in Food Samples by Liquid Chromatography - Electrospray Tandem Mass Spectrometry,ONT-SOP-0116,High Performance/Pressure Liquid Chromatograph (HPLC)-Tandem MS/MS,,BCS.TDS2010.Mycotoxin,Total Diet Study 2008 and 2009 Ochratoxin A,,Health Canada
"Flour, white (wheat)",6915,FF12,Flours,unknown-unknown,Unknown,Composite,No,2009-01-01,Surveillance,No,various,Calgary,Alberta,Canada,HC ORL - Ontario Region,2010-03-10,=,1.695,ng/g,Ochratoxin A,Mycotoxins,0.004,0.014,,,,Results are recovery corrected,Determination of Ochratoxin A in Food Samples by Liquid Chromatography - Electrospray Tandem Mass Spectrometry,ONT-SOP-0116,High Performance/Pressure Liquid Chromatograph (HPLC)-Tandem MS/MS,,BCS.TDS2010.Mycotoxin,Total Diet Study 2008 and 2009 Ochratoxin A,,Health Canada
"Flour, white (wheat)",5539,FF12,Flours,unknown-unknown,Unknown,Composite,Yes,2008-01-01,Surveillance,No,,Quebec City,Quebec,Canada,HC ORL - Ontario Region,2009-03-05,=,0.394,ng/g,Ochratoxin A,Mycotoxins,0.004,0.014,,,,Results are recovery corrected,Determination of Ochratoxin A in Food Samples by Liquid Chromatography - Electrospray Tandem Mass Spectrometry,ONT-SOP-0116,High Performance/Pressure Liquid Chromatograph (HPLC)-Tandem MS/MS,,BCS.TDS2010.Mycotoxin,Total Diet Study 2008 and 2009 Ochratoxin A,,Health Canada
"Muffins, Regular",6916,FF13,Muffins,unknown-unknown,Unknown,Composite,No,2009-01-01,Surveillance,No,various,Calgary,Alberta,Canada,HC ORL - Ontario Region,2010-03-08,=,0.186,ng/g,Ochratoxin A,Mycotoxins,0.002,0.008,,,,Results are recovery corrected,Determination of Ochratoxin A in Food Samples by Liquid Chromatography - Electrospray Tandem Mass Spectrometry,ONT-SOP-0116,High Performance/Pressure Liquid Chromatograph (HPLC)-Tandem MS/MS,,BCS.TDS2010.Mycotoxin,Total Diet Study 2008 and 2009 Ochratoxin A,,Health Canada
"Muffins, Regular",5543,FF13,Muffins,unknown-unknown,Unknown,Composite,Yes,2008-01-01,Surveillance,No,,Quebec City,Quebec,Canada,HC ORL - Ontario Region,2009-02-26,=,0.195,ng/g,Ochratoxin A,Mycotoxins,0.002,0.006,,,,Results are recovery corrected,Determination of Ochratoxin A in Food Samples by Liquid Chromatography - Electrospray Tandem Mass Spectrometry,ONT-SOP-0116,High Performance/Pressure Liquid Chromatograph (HPLC)-Tandem MS/MS,,BCS.TDS2010.Mycotoxin,Total Diet Study 2008 and 2009 Ochratoxin A,,Health Canada
"Mixes, Pancake & Waffle",6917,FF14,Bakery Mixes,unknown-unknown,Unknown,Composite,No,2009-01-01,Surveillance,No,various,Calgary,Alberta,Canada,HC ORL - Ontario Region,2010-03-08,=,0.157,ng/g,Ochratoxin A,Mycotoxins,0.003,0.012,,,,Results are recovery corrected,Determination of Ochratoxin A in Food Samples by Liquid Chromatography - Electrospray Tandem Mass Spectrometry,ONT-SOP-0116,High Performance/Pressure Liquid Chromatograph (HPLC)-Tandem MS/MS,,BCS.TDS2010.Mycotoxin,Total Diet Study 2008 and 2009 Ochratoxin A,,Health Canada
"Mixes, Pancake & Waffle",5576,FF14,Bakery Mixes,unknown-unknown,Unknown,Composite,Yes,2008-01-01,Surveillance,No,,Quebec City,Quebec,Canada,HC ORL - Ontario Region,2009-02-26,=,0.099,ng/g,Ochratoxin A,Mycotoxins,0.002,0.006,,,,Results are recovery corrected,Determination of Ochratoxin A in Food Samples by Liquid Chromatography - Electrospray Tandem Mass Spectrometry,ONT-SOP-0116,High Performance/Pressure Liquid Chromatograph (HPLC)-Tandem MS/MS,,BCS.TDS2010.Mycotoxin,Total Diet Study 2008 and 2009 Ochratoxin A,,Health Canada
"Pasta, Mixed Dishes",6918,FF15,Pre-cooked pastas and noodles and like products,unknown-unknown,Unknown,Composite,No,2009-01-01,Surveillance,No,various,Calgary,Alberta,Canada,HC ORL - Ontario Region,2010-03-31,=,0.067,ng/g,Ochratoxin A,Mycotoxins,0.001,0.004,,,,Results are recovery corrected,Determination of Ochratoxin A in Food Samples by Liquid Chromatography - Electrospray Tandem Mass Spectrometry,ONT-SOP-0116,High Performance/Pressure Liquid Chromatograph (HPLC)-Tandem MS/MS,,BCS.TDS2010.Mycotoxin,Total Diet Study 2008 and 2009 Ochratoxin A,,Health Canada
"Pasta, Mixed Dishes",5542,FF15,Pre-cooked pastas and noodles and like products,unknown-unknown,Unknown,Composite,Yes,2008-01-01,Surveillance,No,,Quebec City,Quebec,Canada,HC ORL - Ontario Region,2009-03-27,=,0.132,ng/g,Ochratoxin A,Mycotoxins,0.002,0.006,,,,Results are recovery corrected,Determination of Ochratoxin A in Food Samples by Liquid Chromatography - Electrospray Tandem Mass Spectrometry,ONT-SOP-0116,High Performance/Pressure Liquid Chromatograph (HPLC)-Tandem MS/MS,,BCS.TDS2010.Mycotoxin,Total Diet Study 2008 and 2009 Ochratoxin A,,Health Canada
"Pasta, Plain",6919,FF16,Pre-cooked pastas and noodles and like products,unknown-unknown,Unknown,Composite,No,2009-01-01,Surveillance,No,various,Calgary,Alberta,Canada,HC ORL - Ontario Region,2010-03-31,=,0.07,ng/g,Ochratoxin A,Mycotoxins,0.001,0.005,,,,Results are recovery corrected,Determination of Ochratoxin A in Food Samples by Liquid Chromatography - Electrospray Tandem Mass Spectrometry,ONT-SOP-0116,High Performance/Pressure Liquid Chromatograph (HPLC)-Tandem MS/MS,,BCS.TDS2010.Mycotoxin,Total Diet Study 2008 and 2009 Ochratoxin A,,Health Canada
"Pasta, Plain",5538,FF16,Pre-cooked pastas and noodles and like products,unknown-unknown,Unknown,Composite,Yes,2008-01-01,Surveillance,No,,Quebec City,Quebec,Canada,HC ORL - Ontario Region,2009-03-27,=,0.343,ng/g,Ochratoxin A,Mycotoxins,0.002,0.005,,,,Results are recovery corrected,Determination of Ochratoxin A in Food Samples by Liquid Chromatography - Electrospray Tandem Mass Spectrometry,ONT-SOP-0116,High Performance/Pressure Liquid Chromatograph (HPLC)-Tandem MS/MS,,BCS.TDS2010.Mycotoxin,Total Diet Study 2008 and 2009 Ochratoxin A,,Health Canada
"Pies, apple",6920,FF17,Other Bakery,unknown-unknown,Unknown,Composite,No,2009-01-01,Surveillance,No,various,Calgary,Alberta,Canada,HC ORL - Ontario Region,2010-03-31,=,0.135,ng/g,Ochratoxin A,Mycotoxins,0.002,0.006,,,,Results are recovery corrected,Determination of Ochratoxin A in Food Samples by Liquid Chromatography - Electrospray Tandem Mass Spectrometry,ONT-SOP-0116,High Performance/Pressure Liquid Chromatograph (HPLC)-Tandem MS/MS,,BCS.TDS2010.Mycotoxin,Total Diet Study 2008 and 2009 Ochratoxin A,,Health Canada
"Pies, apple",5534,FF17,Other Bakery,unknown-unknown,Unknown,Composite,Yes,2008-01-01,Surveillance,No,,Quebec City,Quebec,Canada,HC ORL - Ontario Region,2009-03-27,=,0.111,ng/g,Ochratoxin A,Mycotoxins,0.002,0.006,,,,Results are recovery corrected,Determination of Ochratoxin A in Food Samples by Liquid Chromatography - Electrospray Tandem Mass Spectrometry,ONT-SOP-0116,High Performance/Pressure Liquid Chromatograph (HPLC)-Tandem MS/MS,,BCS.TDS2010.Mycotoxin,Total Diet Study 2008 and 2009 Ochratoxin A,,Health Canada
"Pie, Other",6921,FF18,Other Bakery,unknown-unknown,Unknown,Composite,No,2009-01-01,Surveillance,No,various,Calgary,Alberta,Canada,HC ORL - Ontario Region,2010-03-31,=,0.088,ng/g,Ochratoxin A,Mycotoxins,0.002,0.005,,,,Results are recovery corrected,Determination of Ochratoxin A in Food Samples by Liquid Chromatography - Electrospray Tandem Mass Spectrometry,ONT-SOP-0116,High Performance/Pressure Liquid Chromatograph (HPLC)-Tandem MS/MS,,BCS.TDS2010.Mycotoxin,Total Diet Study 2008 and 2009 Ochratoxin A,,Health Canada
"Pie, Other",5530,FF18,Other Bakery,unknown-unknown,Unknown,Composite,Yes,2008-01-01,Surveillance,No,,Quebec City,Quebec,Canada,HC ORL - Ontario Region,2009-03-27,=,0.112,ng/g,Ochratoxin A,Mycotoxins,0.001,0.005,,,,Results are recovery corrected,Determination of Ochratoxin A in Food Samples by Liquid Chromatography - Electrospray Tandem Mass Spectrometry,ONT-SOP-0116,High Performance/Pressure Liquid Chromatograph (HPLC)-Tandem MS/MS,,BCS.TDS2010.Mycotoxin,Total Diet Study 2008 and 2009 Ochratoxin A,,Health Canada
"White Rice (Long, Med, Short Grain)",6922,FF19,Rice,unknown-unknown,Unknown,Composite,No,2009-01-01,Surveillance,No,various,Calgary,Alberta,Canada,HC ORL - Ontario Region,2010-03-08,=,0.003,ng/g,Ochratoxin A,Mycotoxins,0.002,0.007,,,,Results are recovery corrected,Determination of Ochratoxin A in Food Samples by Liquid Chromatography - Electrospray Tandem Mass Spectrometry,ONT-SOP-0116,High Performance/Pressure Liquid Chromatograph (HPLC)-Tandem MS/MS,,BCS.TDS2010.Mycotoxin,Total Diet Study 2008 and 2009 Ochratoxin A,,Health Canada
"White Rice (Long, Med, Short Grain)",5526,FF19,Rice,unknown-unknown,Unknown,Composite,Yes,2008-01-01,Surveillance,No,,Quebec City,Quebec,Canada,HC ORL - Ontario Region,2009-02-26,<LOD/MDL,0,ng/g,Ochratoxin A,Mycotoxins,0,0.001,,,,Results are recovery corrected,Determination of Ochratoxin A in Food Samples by Liquid Chromatography - Electrospray Tandem Mass Spectrometry,ONT-SOP-0116,High Performance/Pressure Liquid Chromatograph (HPLC)-Tandem MS/MS,,BCS.TDS2010.Mycotoxin,Total Diet Study 2008 and 2009 Ochratoxin A,,Health Canada
Buns & Rolls,6923,FF20,Rolls,unknown-unknown,Unknown,Composite,No,2009-01-01,Surveillance,No,various,Calgary,Alberta,Canada,HC ORL - Ontario Region,2010-03-08,=,1.236,ng/g,Ochratoxin A,Mycotoxins,0.004,0.014,,,,Results are recovery corrected,Determination of Ochratoxin A in Food Samples by Liquid Chromatography - Electrospray Tandem Mass Spectrometry,ONT-SOP-0116,High Performance/Pressure Liquid Chromatograph (HPLC)-Tandem MS/MS,,BCS.TDS2010.Mycotoxin,Total Diet Study 2008 and 2009 Ochratoxin A,,Health Canada
Buns & Rolls,5575,FF20,Rolls,unknown-unknown,Unknown,Composite,Yes,2008-01-01,Surveillance,No,,Quebec City,Quebec,Canada,HC ORL - Ontario Region,2009-02-26,=,1.015,ng/g,Ochratoxin A,Mycotoxins,0.002,0.008,,,,Results are recovery corrected,Determination of Ochratoxin A in Food Samples by Liquid Chromatography - Electrospray Tandem Mass Spectrometry,ONT-SOP-0116,High Performance/Pressure Liquid Chromatograph (HPLC)-Tandem MS/MS,,BCS.TDS2010.Mycotoxin,Total Diet Study 2008 and 2009 Ochratoxin A,,Health Canada
Bread,6924,FF21,"Other ordinary bakery products (e.g., bagels, pita)",unknown-unknown,Unknown,Composite,No,2009-01-01,Surveillance,No,various,Calgary,Alberta,Canada,HC ORL - Ontario Region,2010-03-08,=,0.419,ng/g,Ochratoxin A,Mycotoxins,0.002,0.005,,,,Results are recovery corrected,Determination of Ochratoxin A in Food Samples by Liquid Chromatography - Electrospray Tandem Mass Spectrometry,ONT-SOP-0116,High Performance/Pressure Liquid Chromatograph (HPLC)-Tandem MS/MS,,BCS.TDS2010.Mycotoxin,Total Diet Study 2008 and 2009 Ochratoxin A,,Health Canada
Bread,5518,FF21,"Other ordinary bakery products (e.g., bagels, pita)",unknown-unknown,Unknown,Composite,Yes,2008-01-01,Surveillance,No,,Quebec City,Quebec,Canada,HC ORL - Ontario Region,2009-02-26,=,0.453,ng/g,Ochratoxin A,Mycotoxins,0.002,0.007,,,,Results are recovery corrected,Determination of Ochratoxin A in Food Samples by Liquid Chromatography - Electrospray Tandem Mass Spectrometry,ONT-SOP-0116,High Performance/Pressure Liquid Chromatograph (HPLC)-Tandem MS/MS,,BCS.TDS2010.Mycotoxin,Total Diet Study 2008 and 2009 Ochratoxin A,,Health Canada
"Beans, Baked, canned",6925,GG01,Canned Legumes,unknown-unknown,Unknown,Composite,No,2009-01-01,Surveillance,No,various,Calgary,Alberta,Canada,HC ORL - Ontario Region,2010-02-22,=,0.004,ng/g,Ochratoxin A,Mycotoxins,0.002,0.007,,,,Results are recovery corrected,Determination of Ochratoxin A in Food Samples by Liquid Chromatography - Electrospray Tandem Mass Spectrometry,ONT-SOP-0116,High Performance/Pressure Liquid Chromatograph (HPLC)-Tandem MS/MS,,BCS.TDS2010.Mycotoxin,Total Diet Study 2008 and 2009 Ochratoxin A,,Health Canada
"Beans, Baked, canned",5549,GG01,Canned Legumes,unknown-unknown,Unknown,Composite,Yes,2008-01-01,Surveillance,No,,Quebec City,Quebec,Canada,HC ORL - Ontario Region,2009-03-13,=,0.012,ng/g,Ochratoxin A,Mycotoxins,0.003,0.01,,,,Results are recovery corrected,Determination of Ochratoxin A in Food Samples by Liquid Chromatography - Electrospray Tandem Mass Spectrometry,ONT-SOP-0116,High Performance/Pressure Liquid Chromatograph (HPLC)-Tandem MS/MS,,BCS.TDS2010.Mycotoxin,Total Diet Study 2008 and 2009 Ochratoxin A,,Health Canada
"Beans, String",6926,GG02,Beans,unknown-unknown,Unknown,Composite,No,2009-01-01,Surveillance,No,various,Calgary,Alberta,Canada,HC ORL - Ontario Region,2010-02-22,<LOD/MDL,0,ng/g,Ochratoxin A,Mycotoxins,0.002,0.007,,,,Results are recovery corrected,Determination of Ochratoxin A in Food Samples by Liquid Chromatography - Electrospray Tandem Mass Spectrometry,ONT-SOP-0116,High Performance/Pressure Liquid Chromatograph (HPLC)-Tandem MS/MS,,BCS.TDS2010.Mycotoxin,Total Diet Study 2008 and 2009 Ochratoxin A,,Health Canada
"Beans, String",5565,GG02,Beans,unknown-unknown,Unknown,Composite,Yes,2008-01-01,Surveillance,No,,Quebec City,Quebec,Canada,HC ORL - Ontario Region,2009-03-13,=,0.525,ng/g,Ochratoxin A,Mycotoxins,0.002,0.006,,,,Results are recovery corrected,Determination of Ochratoxin A in Food Samples by Liquid Chromatography - Electrospray Tandem Mass Spectrometry,ONT-SOP-0116,High Performance/Pressure Liquid Chromatograph (HPLC)-Tandem MS/MS,,BCS.TDS2010.Mycotoxin,Total Diet Study 2008 and 2009 Ochratoxin A,,Health Canada
"Peas, Green",6927,GG14,Peas,unknown-unknown,Unknown,Composite,No,2009-01-01,Surveillance,No,various,Calgary,Alberta,Canada,HC ORL - Ontario Region,2010-02-22,<LOD/MDL,0,ng/g,Ochratoxin A,Mycotoxins,0.003,0.01,,,,Results are recovery corrected,Determination of Ochratoxin A in Food Samples by Liquid Chromatography - Electrospray Tandem Mass Spectrometry,ONT-SOP-0116,High Performance/Pressure Liquid Chromatograph (HPLC)-Tandem MS/MS,,BCS.TDS2010.Mycotoxin,Total Diet Study 2008 and 2009 Ochratoxin A,,Health Canada
"Peas, Green",5557,GG14,Peas,unknown-unknown,Unknown,Composite,Yes,2008-01-01,Surveillance,No,,Quebec City,Quebec,Canada,HC ORL - Ontario Region,2009-03-13,<LOD/MDL,0,ng/g,Ochratoxin A,Mycotoxins,0.003,0.01,,,,Results are recovery corrected,Determination of Ochratoxin A in Food Samples by Liquid Chromatography - Electrospray Tandem Mass Spectrometry,ONT-SOP-0116,High Performance/Pressure Liquid Chromatograph (HPLC)-Tandem MS/MS,,BCS.TDS2010.Mycotoxin,Total Diet Study 2008 and 2009 Ochratoxin A,,Health Canada
"Snack Food, Corn Chips",6928,GG27,"Snacks - potato, cereal, pulse, flour or starch based ",unknown-unknown,Unknown,Composite,No,2009-01-01,Surveillance,No,various,Calgary,Alberta,Canada,HC ORL - Ontario Region,2010-03-10,=,0.003,ng/g,Ochratoxin A,Mycotoxins,0.001,0.004,,,,Results are recovery corrected,Determination of Ochratoxin A in Food Samples by Liquid Chromatography - Electrospray Tandem Mass Spectrometry,ONT-SOP-0116,High Performance/Pressure Liquid Chromatograph (HPLC)-Tandem MS/MS,,BCS.TDS2010.Mycotoxin,Total Diet Study 2008 and 2009 Ochratoxin A,,Health Canada
"Snack Food, Corn Chips",5563,GG27,"Snacks - potato, cereal, pulse, flour or starch based ",unknown-unknown,Unknown,Composite,Yes,2008-01-01,Surveillance,No,,Quebec City,Quebec,Canada,HC ORL - Ontario Region,2009-03-05,=,0.028,ng/g,Ochratoxin A,Mycotoxins,0.004,0.013,,,,Results are recovery corrected,Determination of Ochratoxin A in Food Samples by Liquid Chromatography - Electrospray Tandem Mass Spectrometry,ONT-SOP-0116,High Performance/Pressure Liquid Chromatograph (HPLC)-Tandem MS/MS,,BCS.TDS2010.Mycotoxin,Total Diet Study 2008 and 2009 Ochratoxin A,,Health Canada
"Fruits, Blueberries",6929,HH05,Untreated fresh fruit,unknown-unknown,Unknown,Composite,No,2009-01-01,Surveillance,No,various,Calgary,Alberta,Canada,HC ORL - Ontario Region,2010-02-22,<LOD/MDL,0,ng/g,Ochratoxin A,Mycotoxins,0.001,0.003,,,,Results are recovery corrected,Determination of Ochratoxin A in Food Samples by Liquid Chromatography - Electrospray Tandem Mass Spectrometry,ONT-SOP-0116,High Performance/Pressure Liquid Chromatograph (HPLC)-Tandem MS/MS,,BCS.TDS2010.Mycotoxin,Total Diet Study 2008 and 2009 Ochratoxin A,,Health Canada
"Fruits, Blueberries",5558,HH05,Untreated fresh fruit,unknown-unknown,Unknown,Composite,Yes,2008-01-01,Surveillance,No,,Quebec City,Quebec,Canada,HC ORL - Ontario Region,2009-03-13,<LOD/MDL,0,ng/g,Ochratoxin A,Mycotoxins,0.002,0.007,,,,Results are recovery corrected,Determination of Ochratoxin A in Food Samples by Liquid Chromatography - Electrospray Tandem Mass Spectrometry,ONT-SOP-0116,High Performance/Pressure Liquid Chromatograph (HPLC)-Tandem MS/MS,,BCS.TDS2010.Mycotoxin,Total Diet Study 2008 and 2009 Ochratoxin A,,Health Canada
"Juice, Grape",6930,HH10,Fruit juice,unknown-unknown,Unknown,Composite,No,2009-01-01,Surveillance,No,various,Calgary,Alberta,Canada,HC ORL - Ontario Region,2010-02-17,=,0.003,ng/ml,Ochratoxin A,Mycotoxins,0.001,0.004,,,,Results are recovery corrected,Determination of Ochratoxin A in Food Samples by Liquid Chromatography - Electrospray Tandem Mass Spectrometry,ONT-SOP-0116,High Performance/Pressure Liquid Chromatograph (HPLC)-Tandem MS/MS,,BCS.TDS2010.Mycotoxin,Total Diet Study 2008 and 2009 Ochratoxin A,,Health Canada
"Juice, Grape",5545,HH10,Fruit juice,unknown-unknown,Unknown,Composite,Yes,2008-01-01,Surveillance,No,,Quebec City,Quebec,Canada,HC ORL - Ontario Region,2009-04-14,<LOD/MDL,0,ng/ml,Ochratoxin A,Mycotoxins,0.002,0.007,,,,Results are recovery corrected,Determination of Ochratoxin A in Food Samples by Liquid Chromatography - Electrospray Tandem Mass Spectrometry,ONT-SOP-0116,High Performance/Pressure Liquid Chromatograph (HPLC)-Tandem MS/MS,,BCS.TDS2010.Mycotoxin,Total Diet Study 2008 and 2009 Ochratoxin A,,Health Canada
"Fruits, Grapes, Green & White Seedless",6931,HH11,Grapes,unknown-unknown,Unknown,Composite,No,2009-01-01,Surveillance,No,various,Calgary,Alberta,Canada,HC ORL - Ontario Region,2010-02-22,<LOD/MDL,0,ng/g,Ochratoxin A,Mycotoxins,0.001,0.003,,,,Results are recovery corrected,Determination of Ochratoxin A in Food Samples by Liquid Chromatography - Electrospray Tandem Mass Spectrometry,ONT-SOP-0116,High Performance/Pressure Liquid Chromatograph (HPLC)-Tandem MS/MS,,BCS.TDS2010.Mycotoxin,Total Diet Study 2008 and 2009 Ochratoxin A,,Health Canada
"Fruits, Grapes, Green & White Seedless",5548,HH11,Grapes,unknown-unknown,Unknown,Composite,Yes,2008-01-01,Surveillance,No,,Quebec City,Quebec,Canada,HC ORL - Ontario Region,2009-04-14,<LOD/MDL,0,ng/g,Ochratoxin A,Mycotoxins,0.003,0.01,,,,Results are recovery corrected,Determination of Ochratoxin A in Food Samples by Liquid Chromatography - Electrospray Tandem Mass Spectrometry,ONT-SOP-0116,High Performance/Pressure Liquid Chromatograph (HPLC)-Tandem MS/MS,,BCS.TDS2010.Mycotoxin,Total Diet Study 2008 and 2009 Ochratoxin A,,Health Canada
"Fruits, Raisins, Semi-Moist",6932,HH17,Dried fruit,unknown-unknown,Unknown,Composite,No,2009-01-01,Surveillance,No,various,Calgary,Alberta,Canada,HC ORL - Ontario Region,2010-02-22,=,0.166,ng/g,Ochratoxin A,Mycotoxins,0.001,0.004,,,,Results are recovery corrected,Determination of Ochratoxin A in Food Samples by Liquid Chromatography - Electrospray Tandem Mass Spectrometry,ONT-SOP-0116,High Performance/Pressure Liquid Chromatograph (HPLC)-Tandem MS/MS,,BCS.TDS2010.Mycotoxin,Total Diet Study 2008 and 2009 Ochratoxin A,,Health Canada
"Fruits, Raisins, Semi-Moist",5564,HH17,Dried fruit,unknown-unknown,Unknown,Composite,Yes,2008-01-01,Surveillance,No,,Quebec City,Quebec,Canada,HC ORL - Ontario Region,2009-03-13,=,2.348,ng/g,Ochratoxin A,Mycotoxins,0.006,0.021,,,,Results are recovery corrected,Determination of Ochratoxin A in Food Samples by Liquid Chromatography - Electrospray Tandem Mass Spectrometry,ONT-SOP-0116,High Performance/Pressure Liquid Chromatograph (HPLC)-Tandem MS/MS,,BCS.TDS2010.Mycotoxin,Total Diet Study 2008 and 2009 Ochratoxin A,,Health Canada
Chocolate Candy Bars,6933,JJ01,Solid,unknown-unknown,Unknown,Composite,No,2009-01-01,Surveillance,No,various,Calgary,Alberta,Canada,HC ORL - Ontario Region,2010-03-25,=,0.134,ng/g,Ochratoxin A,Mycotoxins,0.003,0.01,,,,Results are recovery corrected,Determination of Ochratoxin A in Food Samples by Liquid Chromatography - Electrospray Tandem Mass Spectrometry,ONT-SOP-0116,High Performance/Pressure Liquid Chromatograph (HPLC)-Tandem MS/MS,,BCS.TDS2010.Mycotoxin,Total Diet Study 2008 and 2009 Ochratoxin A,,Health Canada
Chocolate Candy Bars,5560,JJ01,Solid,unknown-unknown,Unknown,Composite,Yes,2008-01-01,Surveillance,No,,Quebec City,Quebec,Canada,HC ORL - Ontario Region,2009-02-19,=,0.297,ng/g,Ochratoxin A,Mycotoxins,0.002,0.008,,,,Results are recovery corrected,Determination of Ochratoxin A in Food Samples by Liquid Chromatography - Electrospray Tandem Mass Spectrometry,ONT-SOP-0116,High Performance/Pressure Liquid Chromatograph (HPLC)-Tandem MS/MS,,BCS.TDS2010.Mycotoxin,Total Diet Study 2008 and 2009 Ochratoxin A,,Health Canada
Penny Candy,6934,JJ02,Solid,unknown-unknown,Unknown,Composite,No,2009-01-01,Surveillance,No,various,Calgary,Alberta,Canada,HC ORL - Ontario Region,2010-03-31,=,0.002,ng/g,Ochratoxin A,Mycotoxins,0.002,0.008,,,,Results are recovery corrected,Determination of Ochratoxin A in Food Samples by Liquid Chromatography - Electrospray Tandem Mass Spectrometry,ONT-SOP-0116,High Performance/Pressure Liquid Chromatograph (HPLC)-Tandem MS/MS,,BCS.TDS2010.Mycotoxin,Total Diet Study 2008 and 2009 Ochratoxin A,,Health Canada
Penny Candy,5562,JJ02,Solid,unknown-unknown,Unknown,Composite,Yes,2008-01-01,Surveillance,No,,Quebec City,Quebec,Canada,HC ORL - Ontario Region,2009-03-27,=,0.005,ng/g,Ochratoxin A,Mycotoxins,0.004,0.012,,,,Results are recovery corrected,Determination of Ochratoxin A in Food Samples by Liquid Chromatography - Electrospray Tandem Mass Spectrometry,ONT-SOP-0116,High Performance/Pressure Liquid Chromatograph (HPLC)-Tandem MS/MS,,BCS.TDS2010.Mycotoxin,Total Diet Study 2008 and 2009 Ochratoxin A,,Health Canada
Peanut Butter,6935,JJ07,"Vegetable, seaweed, nut and seed purees, spreads",unknown-unknown,Unknown,Composite,No,2009-01-01,Surveillance,No,various,Calgary,Alberta,Canada,HC ORL - Ontario Region,2010-03-31,=,0.002,ng/g,Ochratoxin A,Mycotoxins,0.002,0.008,,,,Results are recovery corrected,Determination of Ochratoxin A in Food Samples by Liquid Chromatography - Electrospray Tandem Mass Spectrometry,ONT-SOP-0116,High Performance/Pressure Liquid Chromatograph (HPLC)-Tandem MS/MS,,BCS.TDS2010.Mycotoxin,Total Diet Study 2008 and 2009 Ochratoxin A,,Health Canada
Peanut Butter,5551,JJ07,"Vegetable, seaweed, nut and seed purees, spreads",unknown-unknown,Unknown,Composite,Yes,2008-01-01,Surveillance,No,,Quebec City,Quebec,Canada,HC ORL - Ontario Region,2009-03-27,=,0.038,ng/g,Ochratoxin A,Mycotoxins,0.002,0.007,,,,Results are recovery corrected,Determination of Ochratoxin A in Food Samples by Liquid Chromatography - Electrospray Tandem Mass Spectrometry,ONT-SOP-0116,High Performance/Pressure Liquid Chromatograph (HPLC)-Tandem MS/MS,,BCS.TDS2010.Mycotoxin,Total Diet Study 2008 and 2009 Ochratoxin A,,Health Canada
Pudding,6936,JJ08,"Dairy-based desserts (e.g., pudding, ice cream, flavoured yogurt)",unknown-unknown,Unknown,Composite,No,2009-01-01,Surveillance,No,various,Calgary,Alberta,Canada,HC ORL - Ontario Region,2010-03-31,=,0.016,ng/g,Ochratoxin A,Mycotoxins,0.001,0.004,,,,Results are recovery corrected,Determination of Ochratoxin A in Food Samples by Liquid Chromatography - Electrospray Tandem Mass Spectrometry,ONT-SOP-0116,High Performance/Pressure Liquid Chromatograph (HPLC)-Tandem MS/MS,,BCS.TDS2010.Mycotoxin,Total Diet Study 2008 and 2009 Ochratoxin A,,Health Canada
Pudding,5574,JJ08,"Dairy-based desserts (e.g., pudding, ice cream, flavoured yogurt)",unknown-unknown,Unknown,Composite,Yes,2008-01-01,Surveillance,No,,Quebec City,Quebec,Canada,HC ORL - Ontario Region,2009-03-27,=,0.026,ng/g,Ochratoxin A,Mycotoxins,0.002,0.006,,,,Results are recovery corrected,Determination of Ochratoxin A in Food Samples by Liquid Chromatography - Electrospray Tandem Mass Spectrometry,ONT-SOP-0116,High Performance/Pressure Liquid Chromatograph (HPLC)-Tandem MS/MS,,BCS.TDS2010.Mycotoxin,Total Diet Study 2008 and 2009 Ochratoxin A,,Health Canada
"Snack Foods, Seeds, Shelled",6937,JJ11,"Processed nuts, incl coated nuts, nut mixtures (e.g., dried fruit)",unknown-unknown,Unknown,Composite,No,2009-01-01,Surveillance,No,various,Calgary,Alberta,Canada,HC ORL - Ontario Region,2010-04-08,=,0.348,ng/g,Ochratoxin A,Mycotoxins,0.002,0.007,,,,Results are recovery corrected,Determination of Ochratoxin A in Food Samples by Liquid Chromatography - Electrospray Tandem Mass Spectrometry,ONT-SOP-0116,High Performance/Pressure Liquid Chromatograph (HPLC)-Tandem MS/MS,,BCS.TDS2010.Mycotoxin,Total Diet Study 2008 and 2009 Ochratoxin A,,Health Canada
"Snack Foods, Seeds, Shelled",5556,JJ11,"Processed nuts, incl coated nuts, nut mixtures (e.g., dried fruit)",unknown-unknown,Unknown,Composite,Yes,2008-01-01,Surveillance,No,,Quebec City,Quebec,Canada,HC ORL - Ontario Region,2009-04-09,=,0.072,ng/g,Ochratoxin A,Mycotoxins,0.003,0.009,,,,Results are recovery corrected,Determination of Ochratoxin A in Food Samples by Liquid Chromatography - Electrospray Tandem Mass Spectrometry,ONT-SOP-0116,High Performance/Pressure Liquid Chromatograph (HPLC)-Tandem MS/MS,,BCS.TDS2010.Mycotoxin,Total Diet Study 2008 and 2009 Ochratoxin A,,Health Canada
"Snack Foods, Mixed Nuts",6938,JJ12,"Processed nuts, incl coated nuts, nut mixtures (e.g., dried fruit)",unknown-unknown,Unknown,Composite,No,2009-01-01,Surveillance,No,various,Calgary,Alberta,Canada,HC ORL - Ontario Region,2010-04-08,=,0.035,ng/g,Ochratoxin A,Mycotoxins,0.002,0.006,,,,Results are recovery corrected,Determination of Ochratoxin A in Food Samples by Liquid Chromatography - Electrospray Tandem Mass Spectrometry,ONT-SOP-0116,High Performance/Pressure Liquid Chromatograph (HPLC)-Tandem MS/MS,,BCS.TDS2010.Mycotoxin,Total Diet Study 2008 and 2009 Ochratoxin A,,Health Canada
"Snack Foods, Mixed Nuts",5522,JJ12,"Processed nuts, incl coated nuts, nut mixtures (e.g., dried fruit)",unknown-unknown,Unknown,Composite,Yes,2008-01-01,Surveillance,No,,Quebec City,Quebec,Canada,HC ORL - Ontario Region,2009-04-09,=,0.017,ng/g,Ochratoxin A,Mycotoxins,0.002,0.007,,,,Results are recovery corrected,Determination of Ochratoxin A in Food Samples by Liquid Chromatography - Electrospray Tandem Mass Spectrometry,ONT-SOP-0116,High Performance/Pressure Liquid Chromatograph (HPLC)-Tandem MS/MS,,BCS.TDS2010.Mycotoxin,Total Diet Study 2008 and 2009 Ochratoxin A,,Health Canada
Beer & Malt,5529,KK01,Beer and Malt,unknown-unknown,Unknown,Composite,Yes,2008-01-01,Surveillance,No,,Quebec City,Quebec,Canada,HC ORL - Ontario Region,2009-02-12,=,0.043,ng/ml,Ochratoxin A,Mycotoxins,0.002,0.007,,,,Results are recovery corrected,Determination of Ochratoxin A in Food Samples by Liquid Chromatography - Electrospray Tandem Mass Spectrometry,ONT-SOP-0116,High Performance/Pressure Liquid Chromatograph (HPLC)-Tandem MS/MS,,BCS.TDS2010.Mycotoxin,Total Diet Study 2008 and 2009 Ochratoxin A,,Health Canada
"Wine, Other",5547,KK02,Still grape wine,unknown-unknown,Unknown,Composite,Yes,2008-01-01,Surveillance,No,,Quebec City,Quebec,Canada,HC ORL - Ontario Region,2009-04-14,=,0.022,ng/ml,Ochratoxin A,Mycotoxins,0.002,0.007,,,,Results are recovery corrected,Determination of Ochratoxin A in Food Samples by Liquid Chromatography - Electrospray Tandem Mass Spectrometry,ONT-SOP-0116,High Performance/Pressure Liquid Chromatograph (HPLC)-Tandem MS/MS,,BCS.TDS2010.Mycotoxin,Total Diet Study 2008 and 2009 Ochratoxin A,,Health Canada
"Coffee, Roast & Ground",6941,KK04,"Coffee and substitutes, tea, hot cereal and grain beverages, excl cocoa",unknown-unknown,Unknown,Composite,No,2009-01-01,Surveillance,No,various,Calgary,Alberta,Canada,HC ORL - Ontario Region,2010-02-17,=,0.011,ng/ml,Ochratoxin A,Mycotoxins,0.002,0.006,,,,Results are recovery corrected,Determination of Ochratoxin A in Food Samples by Liquid Chromatography - Electrospray Tandem Mass Spectrometry,ONT-SOP-0116,High Performance/Pressure Liquid Chromatograph (HPLC)-Tandem MS/MS,,BCS.TDS2010.Mycotoxin,Total Diet Study 2008 and 2009 Ochratoxin A,,Health Canada
"Coffee, Roast & Ground",5555,KK04,"Coffee and substitutes, tea, hot cereal and grain beverages, excl cocoa",unknown-unknown,Unknown,Composite,Yes,2008-01-01,Surveillance,No,,Quebec City,Quebec,Canada,HC ORL - Ontario Region,2009-02-12,=,0.015,ng/ml,Ochratoxin A,Mycotoxins,0.003,0.01,,,,Results are recovery corrected,Determination of Ochratoxin A in Food Samples by Liquid Chromatography - Electrospray Tandem Mass Spectrometry,ONT-SOP-0116,High Performance/Pressure Liquid Chromatograph (HPLC)-Tandem MS/MS,,BCS.TDS2010.Mycotoxin,Total Diet Study 2008 and 2009 Ochratoxin A,,Health Canada
Tea,6942,KK06,"Coffee and substitutes, tea, hot cereal and grain beverages, excl cocoa",unknown-unknown,Unknown,Composite,No,2009-01-01,Surveillance,No,various,Calgary,Alberta,Canada,HC ORL - Ontario Region,2010-02-17,<LOD/MDL,0,ng/ml,Ochratoxin A,Mycotoxins,0.002,0.007,,,,Results are recovery corrected,Determination of Ochratoxin A in Food Samples by Liquid Chromatography - Electrospray Tandem Mass Spectrometry,ONT-SOP-0116,High Performance/Pressure Liquid Chromatograph (HPLC)-Tandem MS/MS,,BCS.TDS2010.Mycotoxin,Total Diet Study 2008 and 2009 Ochratoxin A,,Health Canada
Tea,5525,KK06,"Coffee and substitutes, tea, hot cereal and grain beverages, excl cocoa",unknown-unknown,Unknown,Composite,Yes,2008-01-01,Surveillance,No,,Quebec City,Quebec,Canada,HC ORL - Ontario Region,2009-04-14,<LOD/MDL,0,ng/ml,Ochratoxin A,Mycotoxins,0.002,0.007,,,,Results are recovery corrected,Determination of Ochratoxin A in Food Samples by Liquid Chromatography - Electrospray Tandem Mass Spectrometry,ONT-SOP-0116,High Performance/Pressure Liquid Chromatograph (HPLC)-Tandem MS/MS,,BCS.TDS2010.Mycotoxin,Total Diet Study 2008 and 2009 Ochratoxin A,,Health Canada
"Soya Beverage, fortified",6943,KK07,"Soybean-based beverages, drinks, milk, and  soya yogurt",unknown-unknown,Unknown,Composite,No,2009-01-01,Surveillance,No,various,Calgary,Alberta,Canada,HC ORL - Ontario Region,2010-02-17,=,0.02,ng/ml,Ochratoxin A,Mycotoxins,0.002,0.007,,,,Results are recovery corrected,Determination of Ochratoxin A in Food Samples by Liquid Chromatography - Electrospray Tandem Mass Spectrometry,ONT-SOP-0116,High Performance/Pressure Liquid Chromatograph (HPLC)-Tandem MS/MS,,BCS.TDS2010.Mycotoxin,Total Diet Study 2008 and 2009 Ochratoxin A,,Health Canada
"Soya Beverage, fortified",5520,KK07,"Soybean-based beverages, drinks, milk, and  soya yogurt",unknown-unknown,Unknown,Composite,Yes,2008-01-01,Surveillance,No,,Quebec City,Quebec,Canada,HC ORL - Ontario Region,2009-02-12,=,0.052,ng/ml,Ochratoxin A,Mycotoxins,0.001,0.004,,,,Results are recovery corrected,Determination of Ochratoxin A in Food Samples by Liquid Chromatography - Electrospray Tandem Mass Spectrometry,ONT-SOP-0116,High Performance/Pressure Liquid Chromatograph (HPLC)-Tandem MS/MS,,BCS.TDS2010.Mycotoxin,Total Diet Study 2008 and 2009 Ochratoxin A,,Health Canada
"Infant cereals, Mixed Grain Base",6944,LL01,Infant Cereals,unknown-unknown,Unknown,Composite,No,2009-01-01,Surveillance,No,various,Calgary,Alberta,Canada,HC ORL - Ontario Region,2010-03-10,=,0.007,ng/g,Ochratoxin A,Mycotoxins,0.003,0.009,,,,Results are recovery corrected,Determination of Ochratoxin A in Food Samples by Liquid Chromatography - Electrospray Tandem Mass Spectrometry,ONT-SOP-0116,High Performance/Pressure Liquid Chromatograph (HPLC)-Tandem MS/MS,,BCS.TDS2010.Mycotoxin,Total Diet Study 2008 and 2009 Ochratoxin A,,Health Canada
"Infant cereals, Mixed Grain Base",5572,LL01,Infant Cereals,unknown-unknown,Unknown,Composite,Yes,2008-01-01,Surveillance,No,,Quebec City,Quebec,Canada,HC ORL - Ontario Region,2009-03-05,=,0.425,ng/g,Ochratoxin A,Mycotoxins,0.003,0.01,,,,Results are recovery corrected,Determination of Ochratoxin A in Food Samples by Liquid Chromatography - Electrospray Tandem Mass Spectrometry,ONT-SOP-0116,High Performance/Pressure Liquid Chromatograph (HPLC)-Tandem MS/MS,,BCS.TDS2010.Mycotoxin,Total Diet Study 2008 and 2009 Ochratoxin A,,Health Canada
"Dessert, Baby Food",6945,LL02,Babyfood,unknown-unknown,Unknown,Composite,No,2009-01-01,Surveillance,No,various,Calgary,Alberta,Canada,HC ORL - Ontario Region,2010-03-31,<LOD/MDL,0,ng/g,Ochratoxin A,Mycotoxins,0.002,0.007,,,,Results are recovery corrected,Determination of Ochratoxin A in Food Samples by Liquid Chromatography - Electrospray Tandem Mass Spectrometry,ONT-SOP-0116,High Performance/Pressure Liquid Chromatograph (HPLC)-Tandem MS/MS,,BCS.TDS2010.Mycotoxin,Total Diet Study 2008 and 2009 Ochratoxin A,,Health Canada
"Dessert, Baby Food",5566,LL02,Babyfood,unknown-unknown,Unknown,Composite,Yes,2008-01-01,Surveillance,No,,Quebec City,Quebec,Canada,HC ORL - Ontario Region,2009-03-27,=,0.003,ng/g,Ochratoxin A,Mycotoxins,0.01,0.035,,,,Results are recovery corrected,Determination of Ochratoxin A in Food Samples by Liquid Chromatography - Electrospray Tandem Mass Spectrometry,ONT-SOP-0116,High Performance/Pressure Liquid Chromatograph (HPLC)-Tandem MS/MS,,BCS.TDS2010.Mycotoxin,Total Diet Study 2008 and 2009 Ochratoxin A,,Health Canada
"Baby Food, Dinners Cereal, Vegetable, Meat",6946,LL03,Babyfood,unknown-unknown,Unknown,Composite,No,2009-01-01,Surveillance,No,various,Calgary,Alberta,Canada,HC ORL - Ontario Region,2010-04-08,=,0.008,ng/g,Ochratoxin A,Mycotoxins,0.003,0.009,,,,Results are recovery corrected,Determination of Ochratoxin A in Food Samples by Liquid Chromatography - Electrospray Tandem Mass Spectrometry,ONT-SOP-0116,High Performance/Pressure Liquid Chromatograph (HPLC)-Tandem MS/MS,,BCS.TDS2010.Mycotoxin,Total Diet Study 2008 and 2009 Ochratoxin A,,Health Canada
"Baby Food, Dinners Cereal, Vegetable, Meat",5571,LL03,Babyfood,unknown-unknown,Unknown,Composite,Yes,2008-01-01,Surveillance,No,,Quebec City,Quebec,Canada,HC ORL - Ontario Region,2009-04-09,=,0.004,ng/g,Ochratoxin A,Mycotoxins,0.002,0.008,,,,Results are recovery corrected,Determination of Ochratoxin A in Food Samples by Liquid Chromatography - Electrospray Tandem Mass Spectrometry,ONT-SOP-0116,High Performance/Pressure Liquid Chromatograph (HPLC)-Tandem MS/MS,,BCS.TDS2010.Mycotoxin,Total Diet Study 2008 and 2009 Ochratoxin A,,Health Canada
"Infant Formula, Ready To Use, Milk, 0-12",6947,LL05,milk-based,unknown-unknown,Unknown,Composite,No,2009-01-01,Surveillance,No,various,Calgary,Alberta,Canada,HC ORL - Ontario Region,2010-03-25,=,0.004,ng/ml,Ochratoxin A,Mycotoxins,0.003,0.011,,,,Results are recovery corrected,Determination of Ochratoxin A in Food Samples by Liquid Chromatography - Electrospray Tandem Mass Spectrometry,ONT-SOP-0116,High Performance/Pressure Liquid Chromatograph (HPLC)-Tandem MS/MS,,BCS.TDS2010.Mycotoxin,Total Diet Study 2008 and 2009 Ochratoxin A,,Health Canada
"Infant Formula, Ready To Use, Milk, 0-12",5567,LL05,milk-based,unknown-unknown,Unknown,Composite,Yes,2008-01-01,Surveillance,No,,Quebec City,Quebec,Canada,HC ORL - Ontario Region,2009-02-19,=,0.004,ng/ml,Ochratoxin A,Mycotoxins,0.007,0.022,,,,Results are recovery corrected,Determination of Ochratoxin A in Food Samples by Liquid Chromatography - Electrospray Tandem Mass Spectrometry,ONT-SOP-0116,High Performance/Pressure Liquid Chromatograph (HPLC)-Tandem MS/MS,,BCS.TDS2010.Mycotoxin,Total Diet Study 2008 and 2009 Ochratoxin A,,Health Canada
"Infant Formula, Ready To Use, Soy, 0-12",6948,LL06,soy-based,unknown-unknown,Unknown,Composite,No,2009-01-01,Surveillance,No,various,Calgary,Alberta,Canada,HC ORL - Ontario Region,2010-03-25,=,0.017,ng/ml,Ochratoxin A,Mycotoxins,0.002,0.008,,,,Results are recovery corrected,Determination of Ochratoxin A in Food Samples by Liquid Chromatography - Electrospray Tandem Mass Spectrometry,ONT-SOP-0116,High Performance/Pressure Liquid Chromatograph (HPLC)-Tandem MS/MS,,BCS.TDS2010.Mycotoxin,Total Diet Study 2008 and 2009 Ochratoxin A,,Health Canada
"Infant Formula, Ready To Use, Soy, 0-12",5568,LL06,soy-based,unknown-unknown,Unknown,Composite,Yes,2008-01-01,Surveillance,No,,Quebec City,Quebec,Canada,HC ORL - Ontario Region,2009-02-19,=,0.014,ng/ml,Ochratoxin A,Mycotoxins,0.001,0.004,,,,Results are recovery corrected,Determination of Ochratoxin A in Food Samples by Liquid Chromatography - Electrospray Tandem Mass Spectrometry,ONT-SOP-0116,High Performance/Pressure Liquid Chromatograph (HPLC)-Tandem MS/MS,,BCS.TDS2010.Mycotoxin,Total Diet Study 2008 and 2009 Ochratoxin A,,Health Canada
"Baby Food, Dinners, Meat Or Poultry Or Eggs",6949,LL08,Babyfood,unknown-unknown,Unknown,Composite,No,2009-01-01,Surveillance,No,various,Calgary,Alberta,Canada,HC ORL - Ontario Region,2010-04-08,<LOD/MDL,0,ng/g,Ochratoxin A,Mycotoxins,0.002,0.007,,,,Results are recovery corrected,Determination of Ochratoxin A in Food Samples by Liquid Chromatography - Electrospray Tandem Mass Spectrometry,ONT-SOP-0116,High Performance/Pressure Liquid Chromatograph (HPLC)-Tandem MS/MS,,BCS.TDS2010.Mycotoxin,Total Diet Study 2008 and 2009 Ochratoxin A,,Health Canada
"Baby Food, Dinners, Meat Or Poultry Or Eggs",5569,LL08,Babyfood,unknown-unknown,Unknown,Composite,Yes,2008-01-01,Surveillance,No,,Quebec City,Quebec,Canada,HC ORL - Ontario Region,2009-04-09,<LOD/MDL,0,ng/g,Ochratoxin A,Mycotoxins,0.002,0.007,,,,Results are recovery corrected,Determination of Ochratoxin A in Food Samples by Liquid Chromatography - Electrospray Tandem Mass Spectrometry,ONT-SOP-0116,High Performance/Pressure Liquid Chromatograph (HPLC)-Tandem MS/MS,,BCS.TDS2010.Mycotoxin,Total Diet Study 2008 and 2009 Ochratoxin A,,Health Canada
"Mixed Vegetable, Baby Food",6950,LL09,Babyfood,unknown-unknown,Unknown,Composite,No,2009-01-01,Surveillance,No,various,Calgary,Alberta,Canada,HC ORL - Ontario Region,2010-02-22,<LOD/MDL,0,ng/g,Ochratoxin A,Mycotoxins,0.002,0.007,,,,Results are recovery corrected,Determination of Ochratoxin A in Food Samples by Liquid Chromatography - Electrospray Tandem Mass Spectrometry,ONT-SOP-0116,High Performance/Pressure Liquid Chromatograph (HPLC)-Tandem MS/MS,,BCS.TDS2010.Mycotoxin,Total Diet Study 2008 and 2009 Ochratoxin A,,Health Canada
"Snack Foods, Popcorn, Microwave",6951,MM01,Ready-to-eat savouries,unknown-unknown,Unknown,Composite,No,2009-01-01,Surveillance,No,various,Calgary,Alberta,Canada,HC ORL - Ontario Region,2010-03-08,<LOD/MDL,0,ng/g,Ochratoxin A,Mycotoxins,0.003,0.01,,,,Results are recovery corrected,Determination of Ochratoxin A in Food Samples by Liquid Chromatography - Electrospray Tandem Mass Spectrometry,ONT-SOP-0116,High Performance/Pressure Liquid Chromatograph (HPLC)-Tandem MS/MS,,BCS.TDS2010.Mycotoxin,Total Diet Study 2008 and 2009 Ochratoxin A,,Health Canada
"Snack Foods, Popcorn, Microwave",5585,MM01,Ready-to-eat savouries,unknown-unknown,Unknown,Composite,Yes,2008-01-01,Surveillance,No,,Quebec City,Quebec,Canada,HC ORL - Ontario Region,2009-02-26,=,0.001,ng/g,Ochratoxin A,Mycotoxins,0.001,0.003,,,,Results are recovery corrected,Determination of Ochratoxin A in Food Samples by Liquid Chromatography - Electrospray Tandem Mass Spectrometry,ONT-SOP-0116,High Performance/Pressure Liquid Chromatograph (HPLC)-Tandem MS/MS,,BCS.TDS2010.Mycotoxin,Total Diet Study 2008 and 2009 Ochratoxin A,,Health Canada
"Dinners, Frozen Entres",6952,MM02,Processed Prepackaged Meals,unknown-unknown,Unknown,Composite,No,2009-01-01,Surveillance,No,various,Calgary,Alberta,Canada,HC ORL - Ontario Region,2010-04-08,=,0.051,ng/g,Ochratoxin A,Mycotoxins,0.001,0.005,,,,Results are recovery corrected,Determination of Ochratoxin A in Food Samples by Liquid Chromatography - Electrospray Tandem Mass Spectrometry,ONT-SOP-0116,High Performance/Pressure Liquid Chromatograph (HPLC)-Tandem MS/MS,,BCS.TDS2010.Mycotoxin,Total Diet Study 2008 and 2009 Ochratoxin A,,Health Canada
"Dinners, Frozen Entres",5550,MM02,Processed Prepackaged Meals,unknown-unknown,Unknown,Composite,Yes,2008-01-01,Surveillance,No,,Quebec City,Quebec,Canada,HC ORL - Ontario Region,2009-04-09,=,0.064,ng/g,Ochratoxin A,Mycotoxins,0.002,0.008,,,,Results are recovery corrected,Determination of Ochratoxin A in Food Samples by Liquid Chromatography - Electrospray Tandem Mass Spectrometry,ONT-SOP-0116,High Performance/Pressure Liquid Chromatograph (HPLC)-Tandem MS/MS,,BCS.TDS2010.Mycotoxin,Total Diet Study 2008 and 2009 Ochratoxin A,,Health Canada
"Fast Food, Pizza",6953,NN01,Fast Foods,unknown-unknown,Unknown,Composite,No,2009-01-01,Surveillance,No,various,Calgary,Alberta,Canada,HC ORL - Ontario Region,2010-04-08,=,0.225,ng/g,Ochratoxin A,Mycotoxins,0.001,0.004,,,,Results are recovery corrected,Determination of Ochratoxin A in Food Samples by Liquid Chromatography - Electrospray Tandem Mass Spectrometry,ONT-SOP-0116,High Performance/Pressure Liquid Chromatograph (HPLC)-Tandem MS/MS,,BCS.TDS2010.Mycotoxin,Total Diet Study 2008 and 2009 Ochratoxin A,,Health Canada
"Fast Food, Pizza",5554,NN01,Fast Foods,unknown-unknown,Unknown,Composite,Yes,2008-01-01,Surveillance,No,,Quebec City,Quebec,Canada,HC ORL - Ontario Region,2009-04-09,=,0.21,ng/g,Ochratoxin A,Mycotoxins,0.003,0.01,,,,Results are recovery corrected,Determination of Ochratoxin A in Food Samples by Liquid Chromatography - Electrospray Tandem Mass Spectrometry,ONT-SOP-0116,High Performance/Pressure Liquid Chromatograph (HPLC)-Tandem MS/MS,,BCS.TDS2010.Mycotoxin,Total Diet Study 2008 and 2009 Ochratoxin A,,Health Canada
"Fast Food, Hamburgers",6954,NN03,Fast Foods,unknown-unknown,Unknown,Composite,No,2009-01-01,Surveillance,No,various,Calgary,Alberta,Canada,HC ORL - Ontario Region,2010-04-14,=,0.218,ng/g,Ochratoxin A,Mycotoxins,0.001,0.004,,,,Results are recovery corrected,Determination of Ochratoxin A in Food Samples by Liquid Chromatography - Electrospray Tandem Mass Spectrometry,ONT-SOP-0116,High Performance/Pressure Liquid Chromatograph (HPLC)-Tandem MS/MS,,BCS.TDS2010.Mycotoxin,Total Diet Study 2008 and 2009 Ochratoxin A,,Health Canada
"Fast Food, Hamburgers",5541,NN03,Fast Foods,unknown-unknown,Unknown,Composite,Yes,2008-01-01,Surveillance,No,,Quebec City,Quebec,Canada,HC ORL - Ontario Region,2009-04-02,=,0.44,ng/g,Ochratoxin A,Mycotoxins,0.001,0.003,,,,Results are recovery corrected,Determination of Ochratoxin A in Food Samples by Liquid Chromatography - Electrospray Tandem Mass Spectrometry,ONT-SOP-0116,High Performance/Pressure Liquid Chromatograph (HPLC)-Tandem MS/MS,,BCS.TDS2010.Mycotoxin,Total Diet Study 2008 and 2009 Ochratoxin A,,Health Canada
"Fast Food, Chicken Burgers",6955,NN04,Fast Foods,unknown-unknown,Unknown,Composite,No,2009-01-01,Surveillance,No,various,Calgary,Alberta,Canada,HC ORL - Ontario Region,2010-04-14,=,0.234,ng/g,Ochratoxin A,Mycotoxins,0.002,0.007,,,,Results are recovery corrected,Determination of Ochratoxin A in Food Samples by Liquid Chromatography - Electrospray Tandem Mass Spectrometry,ONT-SOP-0116,High Performance/Pressure Liquid Chromatograph (HPLC)-Tandem MS/MS,,BCS.TDS2010.Mycotoxin,Total Diet Study 2008 and 2009 Ochratoxin A,,Health Canada
"Fast Food, Chicken Burgers",5537,NN04,Fast Foods,unknown-unknown,Unknown,Composite,Yes,2008-01-01,Surveillance,No,,Quebec City,Quebec,Canada,HC ORL - Ontario Region,2009-04-02,=,0.32,ng/g,Ochratoxin A,Mycotoxins,0.004,0.012,,,,Results are recovery corrected,Determination of Ochratoxin A in Food Samples by Liquid Chromatography - Electrospray Tandem Mass Spectrometry,ONT-SOP-0116,High Performance/Pressure Liquid Chromatograph (HPLC)-Tandem MS/MS,,BCS.TDS2010.Mycotoxin,Total Diet Study 2008 and 2009 Ochratoxin A,,Health Canada
"Fast Food, Hot Dogs",6956,NN05,Fast Foods,unknown-unknown,Unknown,Composite,No,2009-01-01,Surveillance,No,various,Calgary,Alberta,Canada,HC ORL - Ontario Region,2010-04-14,=,0.414,ng/g,Ochratoxin A,Mycotoxins,0.002,0.008,,,,Results are recovery corrected,Determination of Ochratoxin A in Food Samples by Liquid Chromatography - Electrospray Tandem Mass Spectrometry,ONT-SOP-0116,High Performance/Pressure Liquid Chromatograph (HPLC)-Tandem MS/MS,,BCS.TDS2010.Mycotoxin,Total Diet Study 2008 and 2009 Ochratoxin A,,Health Canada
"Fast Food, Hot Dogs",5533,NN05,Fast Foods,unknown-unknown,Unknown,Composite,Yes,2008-01-01,Surveillance,No,,Quebec City,Quebec,Canada,HC ORL - Ontario Region,2009-04-02,=,0.382,ng/g,Ochratoxin A,Mycotoxins,0.005,0.017,,,,Results are recovery corrected,Determination of Ochratoxin A in Food Samples by Liquid Chromatography - Electrospray Tandem Mass Spectrometry,ONT-SOP-0116,High Performance/Pressure Liquid Chromatograph (HPLC)-Tandem MS/MS,,BCS.TDS2010.Mycotoxin,Total Diet Study 2008 and 2009 Ochratoxin A,,Health Canada
"Fast Food, Chicken Nuggets",6957,NN06,Fast Foods,unknown-unknown,Unknown,Composite,No,2009-01-01,Surveillance,No,various,Calgary,Alberta,Canada,HC ORL - Ontario Region,2010-04-14,=,0.036,ng/g,Ochratoxin A,Mycotoxins,0.002,0.006,,,,Results are recovery corrected,Determination of Ochratoxin A in Food Samples by Liquid Chromatography - Electrospray Tandem Mass Spectrometry,ONT-SOP-0116,High Performance/Pressure Liquid Chromatograph (HPLC)-Tandem MS/MS,,BCS.TDS2010.Mycotoxin,Total Diet Study 2008 and 2009 Ochratoxin A,,Health Canada
"Fast Food, Chicken Nuggets",5553,NN06,Fast Foods,unknown-unknown,Unknown,Composite,Yes,2008-01-01,Surveillance,No,,Quebec City,Quebec,Canada,HC ORL - Ontario Region,2009-04-02,=,0.094,ng/g,Ochratoxin A,Mycotoxins,0.004,0.014,,,,Results are recovery corrected,Determination of Ochratoxin A in Food Samples by Liquid Chromatography - Electrospray Tandem Mass Spectrometry,ONT-SOP-0116,High Performance/Pressure Liquid Chromatograph (HPLC)-Tandem MS/MS,,BCS.TDS2010.Mycotoxin,Total Diet Study 2008 and 2009 Ochratoxin A,,Health Canada
Vanilla,6958,PP05,"Clear sauces (e.g., fish sauce)",unknown-unknown,Unknown,Composite,No,2009-01-01,Surveillance,No,various,Calgary,Alberta,Canada,HC ORL - Ontario Region,2010-03-25,=,0.018,ng/ml,Ochratoxin A,Mycotoxins,0.001,0.005,,,,Results are recovery corrected,Determination of Ochratoxin A in Food Samples by Liquid Chromatography - Electrospray Tandem Mass Spectrometry,ONT-SOP-0116,High Performance/Pressure Liquid Chromatograph (HPLC)-Tandem MS/MS,,BCS.TDS2010.Mycotoxin,Total Diet Study 2008 and 2009 Ochratoxin A,,Health Canada
Vanilla,5524,PP05,"Clear sauces (e.g., fish sauce)",unknown-unknown,Unknown,Composite,Yes,2008-01-01,Surveillance,No,,Quebec City,Quebec,Canada,HC ORL - Ontario Region,2009-02-19,<LOD/MDL,0,ng/ml,Ochratoxin A,Mycotoxins,0.002,0.007,,,,Results are recovery corrected,Determination of Ochratoxin A in Food Samples by Liquid Chromatography - Electrospray Tandem Mass Spectrometry,ONT-SOP-0116,High Performance/Pressure Liquid Chromatograph (HPLC)-Tandem MS/MS,,BCS.TDS2010.Mycotoxin,Total Diet Study 2008 and 2009 Ochratoxin A,,Health Canada
Herbs & Spices Mixed,6959,PP06,Herbs and spices,unknown-unknown,Unknown,Composite,No,2009-01-01,Surveillance,No,various,Calgary,Alberta,Canada,HC ORL - Ontario Region,2010-04-08,=,0.075,ng/g,Ochratoxin A,Mycotoxins,0.005,0.016,,,,Results are recovery corrected,Determination of Ochratoxin A in Food Samples by Liquid Chromatography - Electrospray Tandem Mass Spectrometry,ONT-SOP-0116,High Performance/Pressure Liquid Chromatograph (HPLC)-Tandem MS/MS,,BCS.TDS2010.Mycotoxin,Total Diet Study 2008 and 2009 Ochratoxin A,,Health Canada
Herbs & Spices Mixed,5521,PP06,Herbs and spices,unknown-unknown,Unknown,Composite,Yes,2008-01-01,Surveillance,No,,Quebec City,Quebec,Canada,HC ORL - Ontario Region,2009-04-09,=,0.084,ng/g,Ochratoxin A,Mycotoxins,0.008,0.026,,,,Results are recovery corrected,Determination of Ochratoxin A in Food Samples by Liquid Chromatography - Electrospray Tandem Mass Spectrometry,ONT-SOP-0116,High Performance/Pressure Liquid Chromatograph (HPLC)-Tandem MS/MS,,BCS.TDS2010.Mycotoxin,Total Diet Study 2008 and 2009 Ochratoxin A,,Health Canada
Soya Sauce,6960,PP07,Fermented soy sauce,unknown-unknown,Unknown,Composite,No,2009-01-01,Surveillance,No,various,Calgary,Alberta,Canada,HC ORL - Ontario Region,2010-02-17,<LOD/MDL,0,ng/ml,Ochratoxin A,Mycotoxins,0.002,0.007,,,,Results are recovery corrected,Determination of Ochratoxin A in Food Samples by Liquid Chromatography - Electrospray Tandem Mass Spectrometry,ONT-SOP-0116,High Performance/Pressure Liquid Chromatograph (HPLC)-Tandem MS/MS,,BCS.TDS2010.Mycotoxin,Total Diet Study 2008 and 2009 Ochratoxin A,,Health Canada
Soya Sauce,5519,PP07,Fermented soy sauce,unknown-unknown,Unknown,Composite,Yes,2008-01-01,Surveillance,No,,Quebec City,Quebec,Canada,HC ORL - Ontario Region,2009-04-14,=,0.004,ng/ml,Ochratoxin A,Mycotoxins,0.002,0.007,,,,Results are recovery corrected,Determination of Ochratoxin A in Food Samples by Liquid Chromatography - Electrospray Tandem Mass Spectrometry,ONT-SOP-0116,High Performance/Pressure Liquid Chromatograph (HPLC)-Tandem MS/MS,,BCS.TDS2010.Mycotoxin,Total Diet Study 2008 and 2009 Ochratoxin A,,Health Canada
