Nom de l'aliment,Code de l'échantillon,Description du produit,Groupe d'aliment,Province/territoire d'origine,Pays d'origine,Type d'échantillon,Sous-échantillon,Date de l'échantillonnage,Raison de l'échantillonnage,Code d'indication de maladie humaine,Type de Point d'échantillonnage,Nom de la ville du Point d'échantillonnage,Province du Point d'échantillonnage,Pays du Point d'échantillonnage,Nom du laboratoire,Date de la fin de l'analyse,Opérateur des résultats quantitatifs,Valeur du résultat,Unités de mesure,Nom de l'analyte,Groupe de l'analyte,Limite de détection,Limite de quantification,Limite de détection de la méthode,Base de résultat,Assurance de la qualité,Commentaires sur le résultat,Nom de la méthode d'essai,Code de la méthode d'essai,Instrumentation,Commentaires sur la méthode,Code du projet,Nom du projet,Description du projet,Organisation
Abats,5559,BB10,"Viande fraîche, volaille et gibier, hachée",inconnu-inconnu,Inconnu,Composite,Oui,2008-01-01,Surveillance,Non,,Québec,Québec,Canada,SC-LRO - Région de l'Ontario,2009-04-14,<LOD/MDL,0,ng/g,Ochratoxine A,Mycotoxines ,0.003,0.01,,,,Results are recovery corrected,Détermination de l'ochratoxine A dans des échantillons d'aliments par chromatographie en phase liquide - spectrométrie de masse en tandem Electrospray,ONT-SOP-0116,Chromatographe en phase liquide à haute résolution/pression (CLHR ) - tandem MS / MS,,BCS.TDS2010.Mycotoxin,Étude sur l’alimentation totale 2008 et 2009 Ochratoxin A,,Santé Canada
Abats,6901,BB10,"Viande fraîche, volaille et gibier, hachée",inconnu-inconnu,Inconnu,Composite,Oui,2009-01-01,Surveillance,Non,Divers,Calgary,Alberta,Canada,SC-LRO - Région de l'Ontario,2010-04-14,=,0.008,ng/g,Ochratoxine A,Mycotoxines ,0.006,0.02,,,,Results are recovery corrected,Détermination de l'ochratoxine A dans des échantillons d'aliments par chromatographie en phase liquide - spectrométrie de masse en tandem Electrospray,ONT-SOP-0116,Chromatographe en phase liquide à haute résolution/pression (CLHR ) - tandem MS / MS,,BCS.TDS2010.Mycotoxin,Étude sur l’alimentation totale 2008 et 2009 Ochratoxin A,,Santé Canada
"Agneau, haché",5546,BB07,Agneau ,inconnu-inconnu,Inconnu,Composite,Oui,2008-01-01,Surveillance,Non,,Québec,Québec,Canada,SC-LRO - Région de l'Ontario,2009-04-02,<LOD/MDL,0,ng/g,Ochratoxine A,Mycotoxines ,0.005,0.017,,,,Results are recovery corrected,Détermination de l'ochratoxine A dans des échantillons d'aliments par chromatographie en phase liquide - spectrométrie de masse en tandem Electrospray,ONT-SOP-0116,Chromatographe en phase liquide à haute résolution/pression (CLHR ) - tandem MS / MS,,BCS.TDS2010.Mycotoxin,Étude sur l’alimentation totale 2008 et 2009 Ochratoxin A,,Santé Canada
"Agneau, haché",6899,BB07,Agneau ,inconnu-inconnu,Inconnu,Composite,Oui,2009-01-01,Surveillance,Non,Divers,Calgary,Alberta,Canada,SC-LRO - Région de l'Ontario,2010-04-14,<LOD/MDL,0,ng/g,Ochratoxine A,Mycotoxines ,0.002,0.007,,,,Results are recovery corrected,Détermination de l'ochratoxine A dans des échantillons d'aliments par chromatographie en phase liquide - spectrométrie de masse en tandem Electrospray,ONT-SOP-0116,Chromatographe en phase liquide à haute résolution/pression (CLHR ) - tandem MS / MS,,BCS.TDS2010.Mycotoxin,Étude sur l’alimentation totale 2008 et 2009 Ochratoxin A,,Santé Canada
"Aliments pour bébé, Dîners céréales, légumes, viande",5571,LL03,Aliments pour bébés,inconnu-inconnu,Inconnu,Composite,Oui,2008-01-01,Surveillance,Non,,Québec,Québec,Canada,SC-LRO - Région de l'Ontario,2009-04-09,=,0.004,ng/g,Ochratoxine A,Mycotoxines ,0.002,0.008,,,,Results are recovery corrected,Détermination de l'ochratoxine A dans des échantillons d'aliments par chromatographie en phase liquide - spectrométrie de masse en tandem Electrospray,ONT-SOP-0116,Chromatographe en phase liquide à haute résolution/pression (CLHR ) - tandem MS / MS,,BCS.TDS2010.Mycotoxin,Étude sur l’alimentation totale 2008 et 2009 Ochratoxin A,,Santé Canada
"Aliments pour bébé, Dîners céréales, légumes, viande",6946,LL03,Aliments pour bébés,inconnu-inconnu,Inconnu,Composite,Oui,2009-01-01,Surveillance,Non,Divers,Calgary,Alberta,Canada,SC-LRO - Région de l'Ontario,2010-04-08,=,0.008,ng/g,Ochratoxine A,Mycotoxines ,0.003,0.009,,,,Results are recovery corrected,Détermination de l'ochratoxine A dans des échantillons d'aliments par chromatographie en phase liquide - spectrométrie de masse en tandem Electrospray,ONT-SOP-0116,Chromatographe en phase liquide à haute résolution/pression (CLHR ) - tandem MS / MS,,BCS.TDS2010.Mycotoxin,Étude sur l’alimentation totale 2008 et 2009 Ochratoxin A,,Santé Canada
"Aliments pour bébé, Dîners, viande ou volaille ou œufs",5569,LL08,Aliments pour bébés,inconnu-inconnu,Inconnu,Composite,Oui,2008-01-01,Surveillance,Non,,Québec,Québec,Canada,SC-LRO - Région de l'Ontario,2009-04-09,<LOD/MDL,0,ng/g,Ochratoxine A,Mycotoxines ,0.002,0.007,,,,Results are recovery corrected,Détermination de l'ochratoxine A dans des échantillons d'aliments par chromatographie en phase liquide - spectrométrie de masse en tandem Electrospray,ONT-SOP-0116,Chromatographe en phase liquide à haute résolution/pression (CLHR ) - tandem MS / MS,,BCS.TDS2010.Mycotoxin,Étude sur l’alimentation totale 2008 et 2009 Ochratoxin A,,Santé Canada
"Aliments pour bébé, Dîners, viande ou volaille ou œufs",6949,LL08,Aliments pour bébés,inconnu-inconnu,Inconnu,Composite,Oui,2009-01-01,Surveillance,Non,Divers,Calgary,Alberta,Canada,SC-LRO - Région de l'Ontario,2010-04-08,<LOD/MDL,0,ng/g,Ochratoxine A,Mycotoxines ,0.002,0.007,,,,Results are recovery corrected,Détermination de l'ochratoxine A dans des échantillons d'aliments par chromatographie en phase liquide - spectrométrie de masse en tandem Electrospray,ONT-SOP-0116,Chromatographe en phase liquide à haute résolution/pression (CLHR ) - tandem MS / MS,,BCS.TDS2010.Mycotoxin,Étude sur l’alimentation totale 2008 et 2009 Ochratoxin A,,Santé Canada
Barres de chocolat,5560,JJ01,Solide ,inconnu-inconnu,Inconnu,Composite,Oui,2008-01-01,Surveillance,Non,,Québec,Québec,Canada,SC-LRO - Région de l'Ontario,2009-02-19,=,0.297,ng/g,Ochratoxine A,Mycotoxines ,0.002,0.008,,,,Results are recovery corrected,Détermination de l'ochratoxine A dans des échantillons d'aliments par chromatographie en phase liquide - spectrométrie de masse en tandem Electrospray,ONT-SOP-0116,Chromatographe en phase liquide à haute résolution/pression (CLHR ) - tandem MS / MS,,BCS.TDS2010.Mycotoxin,Étude sur l’alimentation totale 2008 et 2009 Ochratoxin A,,Santé Canada
Barres de chocolat,6933,JJ01,Solide ,inconnu-inconnu,Inconnu,Composite,Oui,2009-01-01,Surveillance,Non,Divers,Calgary,Alberta,Canada,SC-LRO - Région de l'Ontario,2010-03-25,=,0.134,ng/g,Ochratoxine A,Mycotoxines ,0.003,0.01,,,,Results are recovery corrected,Détermination de l'ochratoxine A dans des échantillons d'aliments par chromatographie en phase liquide - spectrométrie de masse en tandem Electrospray,ONT-SOP-0116,Chromatographe en phase liquide à haute résolution/pression (CLHR ) - tandem MS / MS,,BCS.TDS2010.Mycotoxin,Étude sur l’alimentation totale 2008 et 2009 Ochratoxin A,,Santé Canada
Beurre d'arachide,5551,JJ07,"Légumes, algues, purées et tartinades de noix et de graines",inconnu-inconnu,Inconnu,Composite,Oui,2008-01-01,Surveillance,Non,,Québec,Québec,Canada,SC-LRO - Région de l'Ontario,2009-03-27,=,0.038,ng/g,Ochratoxine A,Mycotoxines ,0.002,0.007,,,,Results are recovery corrected,Détermination de l'ochratoxine A dans des échantillons d'aliments par chromatographie en phase liquide - spectrométrie de masse en tandem Electrospray,ONT-SOP-0116,Chromatographe en phase liquide à haute résolution/pression (CLHR ) - tandem MS / MS,,BCS.TDS2010.Mycotoxin,Étude sur l’alimentation totale 2008 et 2009 Ochratoxin A,,Santé Canada
Beurre d'arachide,6935,JJ07,"Légumes, algues, purées et tartinades de noix et de graines",inconnu-inconnu,Inconnu,Composite,Oui,2009-01-01,Surveillance,Non,Divers,Calgary,Alberta,Canada,SC-LRO - Région de l'Ontario,2010-03-31,=,0.002,ng/g,Ochratoxine A,Mycotoxines ,0.002,0.008,,,,Results are recovery corrected,Détermination de l'ochratoxine A dans des échantillons d'aliments par chromatographie en phase liquide - spectrométrie de masse en tandem Electrospray,ONT-SOP-0116,Chromatographe en phase liquide à haute résolution/pression (CLHR ) - tandem MS / MS,,BCS.TDS2010.Mycotoxin,Étude sur l’alimentation totale 2008 et 2009 Ochratoxin A,,Santé Canada
Biscuits,5527,FF09,Cookies ,inconnu-inconnu,Inconnu,Composite,Oui,2008-01-01,Surveillance,Non,,Québec,Québec,Canada,SC-LRO - Région de l'Ontario,2009-03-05,=,0.214,ng/g,Ochratoxine A,Mycotoxines ,0.003,0.009,,,,Results are recovery corrected,Détermination de l'ochratoxine A dans des échantillons d'aliments par chromatographie en phase liquide - spectrométrie de masse en tandem Electrospray,ONT-SOP-0116,Chromatographe en phase liquide à haute résolution/pression (CLHR ) - tandem MS / MS,,BCS.TDS2010.Mycotoxin,Étude sur l’alimentation totale 2008 et 2009 Ochratoxin A,,Santé Canada
Biscuits,6912,FF09,Cookies ,inconnu-inconnu,Inconnu,Composite,Oui,2009-01-01,Surveillance,Non,Divers,Calgary,Alberta,Canada,SC-LRO - Région de l'Ontario,2010-03-10,=,0.2,ng/g,Ochratoxine A,Mycotoxines ,0.002,0.008,,,,Results are recovery corrected,Détermination de l'ochratoxine A dans des échantillons d'aliments par chromatographie en phase liquide - spectrométrie de masse en tandem Electrospray,ONT-SOP-0116,Chromatographe en phase liquide à haute résolution/pression (CLHR ) - tandem MS / MS,,BCS.TDS2010.Mycotoxin,Étude sur l’alimentation totale 2008 et 2009 Ochratoxin A,,Santé Canada
Bière et malt,5529,KK01,Bière et malt,inconnu-inconnu,Inconnu,Composite,Oui,2008-01-01,Surveillance,Non,,Québec,Québec,Canada,SC-LRO - Région de l'Ontario,2009-02-12,=,0.043,ng/ml,Ochratoxine A,Mycotoxines ,0.002,0.007,,,,Results are recovery corrected,Détermination de l'ochratoxine A dans des échantillons d'aliments par chromatographie en phase liquide - spectrométrie de masse en tandem Electrospray,ONT-SOP-0116,Chromatographe en phase liquide à haute résolution/pression (CLHR ) - tandem MS / MS,,BCS.TDS2010.Mycotoxin,Étude sur l’alimentation totale 2008 et 2009 Ochratoxin A,,Santé Canada
"Boisson à base de soja, enrichie",5520,KK07,Boissons à base de fèves de soja et yogourt de soja,inconnu-inconnu,Inconnu,Composite,Oui,2008-01-01,Surveillance,Non,,Québec,Québec,Canada,SC-LRO - Région de l'Ontario,2009-02-12,=,0.052,ng/ml,Ochratoxine A,Mycotoxines ,0.001,0.004,,,,Results are recovery corrected,Détermination de l'ochratoxine A dans des échantillons d'aliments par chromatographie en phase liquide - spectrométrie de masse en tandem Electrospray,ONT-SOP-0116,Chromatographe en phase liquide à haute résolution/pression (CLHR ) - tandem MS / MS,,BCS.TDS2010.Mycotoxin,Étude sur l’alimentation totale 2008 et 2009 Ochratoxin A,,Santé Canada
"Boisson à base de soja, enrichie",6943,KK07,Boissons à base de fèves de soja et yogourt de soja,inconnu-inconnu,Inconnu,Composite,Oui,2009-01-01,Surveillance,Non,Divers,Calgary,Alberta,Canada,SC-LRO - Région de l'Ontario,2010-02-17,=,0.02,ng/ml,Ochratoxine A,Mycotoxines ,0.002,0.007,,,,Results are recovery corrected,Détermination de l'ochratoxine A dans des échantillons d'aliments par chromatographie en phase liquide - spectrométrie de masse en tandem Electrospray,ONT-SOP-0116,Chromatographe en phase liquide à haute résolution/pression (CLHR ) - tandem MS / MS,,BCS.TDS2010.Mycotoxin,Étude sur l’alimentation totale 2008 et 2009 Ochratoxin A,,Santé Canada
"Bonbon ""penny""",5562,JJ02,Solide ,inconnu-inconnu,Inconnu,Composite,Oui,2008-01-01,Surveillance,Non,,Québec,Québec,Canada,SC-LRO - Région de l'Ontario,2009-03-27,=,0.005,ng/g,Ochratoxine A,Mycotoxines ,0.004,0.012,,,,Results are recovery corrected,Détermination de l'ochratoxine A dans des échantillons d'aliments par chromatographie en phase liquide - spectrométrie de masse en tandem Electrospray,ONT-SOP-0116,Chromatographe en phase liquide à haute résolution/pression (CLHR ) - tandem MS / MS,,BCS.TDS2010.Mycotoxin,Étude sur l’alimentation totale 2008 et 2009 Ochratoxin A,,Santé Canada
"Bonbon ""penny""",6934,JJ02,Solide ,inconnu-inconnu,Inconnu,Composite,Oui,2009-01-01,Surveillance,Non,Divers,Calgary,Alberta,Canada,SC-LRO - Région de l'Ontario,2010-03-31,=,0.002,ng/g,Ochratoxine A,Mycotoxines ,0.002,0.008,,,,Results are recovery corrected,Détermination de l'ochratoxine A dans des échantillons d'aliments par chromatographie en phase liquide - spectrométrie de masse en tandem Electrospray,ONT-SOP-0116,Chromatographe en phase liquide à haute résolution/pression (CLHR ) - tandem MS / MS,,BCS.TDS2010.Mycotoxin,Étude sur l’alimentation totale 2008 et 2009 Ochratoxin A,,Santé Canada
"Café, torréfié et moulu",5555,KK04,"Café et subst., thés, boissons chaudes à base céréales, grains, excl cacao",inconnu-inconnu,Inconnu,Composite,Oui,2008-01-01,Surveillance,Non,,Québec,Québec,Canada,SC-LRO - Région de l'Ontario,2009-02-12,=,0.015,ng/ml,Ochratoxine A,Mycotoxines ,0.003,0.01,,,,Results are recovery corrected,Détermination de l'ochratoxine A dans des échantillons d'aliments par chromatographie en phase liquide - spectrométrie de masse en tandem Electrospray,ONT-SOP-0116,Chromatographe en phase liquide à haute résolution/pression (CLHR ) - tandem MS / MS,,BCS.TDS2010.Mycotoxin,Étude sur l’alimentation totale 2008 et 2009 Ochratoxin A,,Santé Canada
"Café, torréfié et moulu",6941,KK04,"Café et subst., thés, boissons chaudes à base céréales, grains, excl cacao",inconnu-inconnu,Inconnu,Composite,Oui,2009-01-01,Surveillance,Non,Divers,Calgary,Alberta,Canada,SC-LRO - Région de l'Ontario,2010-02-17,=,0.011,ng/ml,Ochratoxine A,Mycotoxines ,0.002,0.006,,,,Results are recovery corrected,Détermination de l'ochratoxine A dans des échantillons d'aliments par chromatographie en phase liquide - spectrométrie de masse en tandem Electrospray,ONT-SOP-0116,Chromatographe en phase liquide à haute résolution/pression (CLHR ) - tandem MS / MS,,BCS.TDS2010.Mycotoxin,Étude sur l’alimentation totale 2008 et 2009 Ochratoxin A,,Santé Canada
"Craquelins, autre",5531,FF10,Craquelins,inconnu-inconnu,Inconnu,Composite,Oui,2008-01-01,Surveillance,Non,,Québec,Québec,Canada,SC-LRO - Région de l'Ontario,2009-03-05,=,0.439,ng/g,Ochratoxine A,Mycotoxines ,0.003,0.011,,,,Results are recovery corrected,Détermination de l'ochratoxine A dans des échantillons d'aliments par chromatographie en phase liquide - spectrométrie de masse en tandem Electrospray,ONT-SOP-0116,Chromatographe en phase liquide à haute résolution/pression (CLHR ) - tandem MS / MS,,BCS.TDS2010.Mycotoxin,Étude sur l’alimentation totale 2008 et 2009 Ochratoxin A,,Santé Canada
"Craquelins, autre",6913,FF10,Craquelins,inconnu-inconnu,Inconnu,Composite,Oui,2009-01-01,Surveillance,Non,Divers,Calgary,Alberta,Canada,SC-LRO - Région de l'Ontario,2010-03-10,=,0.033,ng/g,Ochratoxine A,Mycotoxines ,0.003,0.009,,,,Results are recovery corrected,Détermination de l'ochratoxine A dans des échantillons d'aliments par chromatographie en phase liquide - spectrométrie de masse en tandem Electrospray,ONT-SOP-0116,Chromatographe en phase liquide à haute résolution/pression (CLHR ) - tandem MS / MS,,BCS.TDS2010.Mycotoxin,Étude sur l’alimentation totale 2008 et 2009 Ochratoxin A,,Santé Canada
Crème glacée,5627,AA07,"Desserts à base de lait (p. ex., flan, crème glacée, yogourt aromatisé)",inconnu-inconnu,Inconnu,Composite,Oui,2008-01-01,Surveillance,Non,,Québec,Québec,Canada,SC-LRO - Région de l'Ontario,2009-02-19,=,0.019,ng/ml,Ochratoxine A,Mycotoxines ,0.001,0.004,,,,Results are recovery corrected,Détermination de l'ochratoxine A dans des échantillons d'aliments par chromatographie en phase liquide - spectrométrie de masse en tandem Electrospray,ONT-SOP-0116,Chromatographe en phase liquide à haute résolution/pression (CLHR ) - tandem MS / MS,,BCS.TDS2010.Mycotoxin,Étude sur l’alimentation totale 2008 et 2009 Ochratoxin A,,Santé Canada
Crème glacée,6892,AA07,"Desserts à base de lait (p. ex., flan, crème glacée, yogourt aromatisé)",inconnu-inconnu,Inconnu,Composite,Oui,2009-01-01,Surveillance,Non,Divers,Calgary,Alberta,Canada,SC-LRO - Région de l'Ontario,2010-03-25,=,0.026,ng/ml,Ochratoxine A,Mycotoxines ,0.003,0.01,,,,Results are recovery corrected,Détermination de l'ochratoxine A dans des échantillons d'aliments par chromatographie en phase liquide - spectrométrie de masse en tandem Electrospray,ONT-SOP-0116,Chromatographe en phase liquide à haute résolution/pression (CLHR ) - tandem MS / MS,,BCS.TDS2010.Mycotoxin,Étude sur l’alimentation totale 2008 et 2009 Ochratoxin A,,Santé Canada
"Céréales chaudes, à base de blé",5540,FF05,Céréales chaudes,inconnu-inconnu,Inconnu,Composite,Oui,2008-01-01,Surveillance,Non,,Québec,Québec,Canada,SC-LRO - Région de l'Ontario,2009-03-05,=,0.037,ng/g,Ochratoxine A,Mycotoxines ,0.002,0.008,,,,Results are recovery corrected,Détermination de l'ochratoxine A dans des échantillons d'aliments par chromatographie en phase liquide - spectrométrie de masse en tandem Electrospray,ONT-SOP-0116,Chromatographe en phase liquide à haute résolution/pression (CLHR ) - tandem MS / MS,,BCS.TDS2010.Mycotoxin,Étude sur l’alimentation totale 2008 et 2009 Ochratoxin A,,Santé Canada
"Céréales chaudes, à base de blé",6908,FF05,Céréales chaudes,inconnu-inconnu,Inconnu,Composite,Oui,2009-01-01,Surveillance,Non,Divers,Calgary,Alberta,Canada,SC-LRO - Région de l'Ontario,2010-03-10,=,0.007,ng/g,Ochratoxine A,Mycotoxines ,0.003,0.01,,,,Results are recovery corrected,Détermination de l'ochratoxine A dans des échantillons d'aliments par chromatographie en phase liquide - spectrométrie de masse en tandem Electrospray,ONT-SOP-0116,Chromatographe en phase liquide à haute résolution/pression (CLHR ) - tandem MS / MS,,BCS.TDS2010.Mycotoxin,Étude sur l’alimentation totale 2008 et 2009 Ochratoxin A,,Santé Canada
"Céréales froides, à base d'avoine",5532,FF07,Céréales prêtes-à-manger,inconnu-inconnu,Inconnu,Composite,Oui,2008-01-01,Surveillance,Non,,Québec,Québec,Canada,SC-LRO - Région de l'Ontario,2009-04-14,=,0.11,ng/g,Ochratoxine A,Mycotoxines ,0.003,0.01,,,,Results are recovery corrected,Détermination de l'ochratoxine A dans des échantillons d'aliments par chromatographie en phase liquide - spectrométrie de masse en tandem Electrospray,ONT-SOP-0116,Chromatographe en phase liquide à haute résolution/pression (CLHR ) - tandem MS / MS,,BCS.TDS2010.Mycotoxin,Étude sur l’alimentation totale 2008 et 2009 Ochratoxin A,,Santé Canada
"Céréales froides, à base d'avoine",6910,FF07,Céréales prêtes-à-manger,inconnu-inconnu,Inconnu,Composite,Oui,2009-01-01,Surveillance,Non,Divers,Calgary,Alberta,Canada,SC-LRO - Région de l'Ontario,2010-03-10,=,0.111,ng/g,Ochratoxine A,Mycotoxines ,0.002,0.008,,,,Results are recovery corrected,Détermination de l'ochratoxine A dans des échantillons d'aliments par chromatographie en phase liquide - spectrométrie de masse en tandem Electrospray,ONT-SOP-0116,Chromatographe en phase liquide à haute résolution/pression (CLHR ) - tandem MS / MS,,BCS.TDS2010.Mycotoxin,Étude sur l’alimentation totale 2008 et 2009 Ochratoxin A,,Santé Canada
"Céréales froides, à base de maïs",5536,FF06,Céréales prêtes-à-manger,inconnu-inconnu,Inconnu,Composite,Oui,2008-01-01,Surveillance,Non,,Québec,Québec,Canada,SC-LRO - Région de l'Ontario,2009-03-05,=,0.007,ng/g,Ochratoxine A,Mycotoxines ,0.003,0.009,,,,Results are recovery corrected,Détermination de l'ochratoxine A dans des échantillons d'aliments par chromatographie en phase liquide - spectrométrie de masse en tandem Electrospray,ONT-SOP-0116,Chromatographe en phase liquide à haute résolution/pression (CLHR ) - tandem MS / MS,,BCS.TDS2010.Mycotoxin,Étude sur l’alimentation totale 2008 et 2009 Ochratoxin A,,Santé Canada
"Céréales froides, à base de maïs",6909,FF06,Céréales prêtes-à-manger,inconnu-inconnu,Inconnu,Composite,Oui,2009-01-01,Surveillance,Non,Divers,Calgary,Alberta,Canada,SC-LRO - Région de l'Ontario,2010-03-10,=,0.011,ng/g,Ochratoxine A,Mycotoxines ,0.003,0.011,,,,Results are recovery corrected,Détermination de l'ochratoxine A dans des échantillons d'aliments par chromatographie en phase liquide - spectrométrie de masse en tandem Electrospray,ONT-SOP-0116,Chromatographe en phase liquide à haute résolution/pression (CLHR ) - tandem MS / MS,,BCS.TDS2010.Mycotoxin,Étude sur l’alimentation totale 2008 et 2009 Ochratoxin A,,Santé Canada
"Céréales pour bébé, à base de grains mélangés",5572,LL01,Céréales pour bébés,inconnu-inconnu,Inconnu,Composite,Oui,2008-01-01,Surveillance,Non,,Québec,Québec,Canada,SC-LRO - Région de l'Ontario,2009-03-05,=,0.425,ng/g,Ochratoxine A,Mycotoxines ,0.003,0.01,,,,Results are recovery corrected,Détermination de l'ochratoxine A dans des échantillons d'aliments par chromatographie en phase liquide - spectrométrie de masse en tandem Electrospray,ONT-SOP-0116,Chromatographe en phase liquide à haute résolution/pression (CLHR ) - tandem MS / MS,,BCS.TDS2010.Mycotoxin,Étude sur l’alimentation totale 2008 et 2009 Ochratoxin A,,Santé Canada
"Céréales pour bébé, à base de grains mélangés",6944,LL01,Céréales pour bébés,inconnu-inconnu,Inconnu,Composite,Oui,2009-01-01,Surveillance,Non,Divers,Calgary,Alberta,Canada,SC-LRO - Région de l'Ontario,2010-03-10,=,0.007,ng/g,Ochratoxine A,Mycotoxines ,0.003,0.009,,,,Results are recovery corrected,Détermination de l'ochratoxine A dans des échantillons d'aliments par chromatographie en phase liquide - spectrométrie de masse en tandem Electrospray,ONT-SOP-0116,Chromatographe en phase liquide à haute résolution/pression (CLHR ) - tandem MS / MS,,BCS.TDS2010.Mycotoxin,Étude sur l’alimentation totale 2008 et 2009 Ochratoxin A,,Santé Canada
"Céréales, riz, son",5528,FF08,Composite de céréales,inconnu-inconnu,Inconnu,Composite,Oui,2008-01-01,Surveillance,Non,,Québec,Québec,Canada,SC-LRO - Région de l'Ontario,2009-03-05,=,0.266,ng/g,Ochratoxine A,Mycotoxines ,0.005,0.015,,,,Results are recovery corrected,Détermination de l'ochratoxine A dans des échantillons d'aliments par chromatographie en phase liquide - spectrométrie de masse en tandem Electrospray,ONT-SOP-0116,Chromatographe en phase liquide à haute résolution/pression (CLHR ) - tandem MS / MS,,BCS.TDS2010.Mycotoxin,Étude sur l’alimentation totale 2008 et 2009 Ochratoxin A,,Santé Canada
"Céréales, riz, son",6911,FF08,Composite de céréales,inconnu-inconnu,Inconnu,Composite,Oui,2009-01-01,Surveillance,Non,Divers,Calgary,Alberta,Canada,SC-LRO - Région de l'Ontario,2010-03-10,=,0.264,ng/g,Ochratoxine A,Mycotoxines ,0.002,0.007,,,,Results are recovery corrected,Détermination de l'ochratoxine A dans des échantillons d'aliments par chromatographie en phase liquide - spectrométrie de masse en tandem Electrospray,ONT-SOP-0116,Chromatographe en phase liquide à haute résolution/pression (CLHR ) - tandem MS / MS,,BCS.TDS2010.Mycotoxin,Étude sur l’alimentation totale 2008 et 2009 Ochratoxin A,,Santé Canada
"Danoises, beignes, croissants",5535,FF11,"Autres produits pâtisserie fine (beignes, roulés, scones, muffins)",inconnu-inconnu,Inconnu,Composite,Oui,2008-01-01,Surveillance,Non,,Québec,Québec,Canada,SC-LRO - Région de l'Ontario,2009-02-26,=,0.241,ng/g,Ochratoxine A,Mycotoxines ,0.002,0.006,,,,Results are recovery corrected,Détermination de l'ochratoxine A dans des échantillons d'aliments par chromatographie en phase liquide - spectrométrie de masse en tandem Electrospray,ONT-SOP-0116,Chromatographe en phase liquide à haute résolution/pression (CLHR ) - tandem MS / MS,,BCS.TDS2010.Mycotoxin,Étude sur l’alimentation totale 2008 et 2009 Ochratoxin A,,Santé Canada
"Danoises, beignes, croissants",6914,FF11,"Autres produits pâtisserie fine (beignes, roulés, scones, muffins)",inconnu-inconnu,Inconnu,Composite,Oui,2009-01-01,Surveillance,Non,Divers,Calgary,Alberta,Canada,SC-LRO - Région de l'Ontario,2010-03-08,=,0.351,ng/g,Ochratoxine A,Mycotoxines ,0.003,0.01,,,,Results are recovery corrected,Détermination de l'ochratoxine A dans des échantillons d'aliments par chromatographie en phase liquide - spectrométrie de masse en tandem Electrospray,ONT-SOP-0116,Chromatographe en phase liquide à haute résolution/pression (CLHR ) - tandem MS / MS,,BCS.TDS2010.Mycotoxin,Étude sur l’alimentation totale 2008 et 2009 Ochratoxin A,,Santé Canada
"Dessert, nourriture pour bébé",5566,LL02,Aliments pour bébés,inconnu-inconnu,Inconnu,Composite,Oui,2008-01-01,Surveillance,Non,,Québec,Québec,Canada,SC-LRO - Région de l'Ontario,2009-03-27,=,0.003,ng/g,Ochratoxine A,Mycotoxines ,0.01,0.035,,,,Results are recovery corrected,Détermination de l'ochratoxine A dans des échantillons d'aliments par chromatographie en phase liquide - spectrométrie de masse en tandem Electrospray,ONT-SOP-0116,Chromatographe en phase liquide à haute résolution/pression (CLHR ) - tandem MS / MS,,BCS.TDS2010.Mycotoxin,Étude sur l’alimentation totale 2008 et 2009 Ochratoxin A,,Santé Canada
"Dessert, nourriture pour bébé",6945,LL02,Aliments pour bébés,inconnu-inconnu,Inconnu,Composite,Oui,2009-01-01,Surveillance,Non,Divers,Calgary,Alberta,Canada,SC-LRO - Région de l'Ontario,2010-03-31,<LOD/MDL,0,ng/g,Ochratoxine A,Mycotoxines ,0.002,0.007,,,,Results are recovery corrected,Détermination de l'ochratoxine A dans des échantillons d'aliments par chromatographie en phase liquide - spectrométrie de masse en tandem Electrospray,ONT-SOP-0116,Chromatographe en phase liquide à haute résolution/pression (CLHR ) - tandem MS / MS,,BCS.TDS2010.Mycotoxin,Étude sur l’alimentation totale 2008 et 2009 Ochratoxin A,,Santé Canada
"Dîners, plats surgelés",5550,MM02,Repas transformés préemballés,inconnu-inconnu,Inconnu,Composite,Oui,2008-01-01,Surveillance,Non,,Québec,Québec,Canada,SC-LRO - Région de l'Ontario,2009-04-09,=,0.064,ng/g,Ochratoxine A,Mycotoxines ,0.002,0.008,,,,Results are recovery corrected,Détermination de l'ochratoxine A dans des échantillons d'aliments par chromatographie en phase liquide - spectrométrie de masse en tandem Electrospray,ONT-SOP-0116,Chromatographe en phase liquide à haute résolution/pression (CLHR ) - tandem MS / MS,,BCS.TDS2010.Mycotoxin,Étude sur l’alimentation totale 2008 et 2009 Ochratoxin A,,Santé Canada
"Dîners, plats surgelés",6952,MM02,Repas transformés préemballés,inconnu-inconnu,Inconnu,Composite,Oui,2009-01-01,Surveillance,Non,Divers,Calgary,Alberta,Canada,SC-LRO - Région de l'Ontario,2010-04-08,=,0.051,ng/g,Ochratoxine A,Mycotoxines ,0.001,0.005,,,,Results are recovery corrected,Détermination de l'ochratoxine A dans des échantillons d'aliments par chromatographie en phase liquide - spectrométrie de masse en tandem Electrospray,ONT-SOP-0116,Chromatographe en phase liquide à haute résolution/pression (CLHR ) - tandem MS / MS,,BCS.TDS2010.Mycotoxin,Étude sur l’alimentation totale 2008 et 2009 Ochratoxin A,,Santé Canada
"Escalopes de veau, viande avec os",5578,BB06,Veau ,inconnu-inconnu,Inconnu,Composite,Oui,2008-01-01,Surveillance,Non,,Québec,Québec,Canada,SC-LRO - Région de l'Ontario,2009-04-02,<LOD/MDL,0,ng/g,Ochratoxine A,Mycotoxines ,0.005,0.017,,,,Results are recovery corrected,Détermination de l'ochratoxine A dans des échantillons d'aliments par chromatographie en phase liquide - spectrométrie de masse en tandem Electrospray,ONT-SOP-0116,Chromatographe en phase liquide à haute résolution/pression (CLHR ) - tandem MS / MS,,BCS.TDS2010.Mycotoxin,Étude sur l’alimentation totale 2008 et 2009 Ochratoxin A,,Santé Canada
"Escalopes de veau, viande avec os",6898,BB06,Veau ,inconnu-inconnu,Inconnu,Composite,Oui,2009-01-01,Surveillance,Non,Divers,Calgary,Alberta,Canada,SC-LRO - Région de l'Ontario,2010-04-14,<LOD/MDL,0,ng/g,Ochratoxine A,Mycotoxines ,0.002,0.007,,,,Results are recovery corrected,Détermination de l'ochratoxine A dans des échantillons d'aliments par chromatographie en phase liquide - spectrométrie de masse en tandem Electrospray,ONT-SOP-0116,Chromatographe en phase liquide à haute résolution/pression (CLHR ) - tandem MS / MS,,BCS.TDS2010.Mycotoxin,Étude sur l’alimentation totale 2008 et 2009 Ochratoxin A,,Santé Canada
Farine blanche,5539,FF12,Farines,inconnu-inconnu,Inconnu,Composite,Oui,2008-01-01,Surveillance,Non,,Québec,Québec,Canada,SC-LRO - Région de l'Ontario,2009-03-05,=,0.394,ng/g,Ochratoxine A,Mycotoxines ,0.004,0.014,,,,Results are recovery corrected,Détermination de l'ochratoxine A dans des échantillons d'aliments par chromatographie en phase liquide - spectrométrie de masse en tandem Electrospray,ONT-SOP-0116,Chromatographe en phase liquide à haute résolution/pression (CLHR ) - tandem MS / MS,,BCS.TDS2010.Mycotoxin,Étude sur l’alimentation totale 2008 et 2009 Ochratoxin A,,Santé Canada
Farine blanche,6915,FF12,Farines,inconnu-inconnu,Inconnu,Composite,Oui,2009-01-01,Surveillance,Non,Divers,Calgary,Alberta,Canada,SC-LRO - Région de l'Ontario,2010-03-10,=,1.695,ng/g,Ochratoxine A,Mycotoxines ,0.004,0.014,,,,Results are recovery corrected,Détermination de l'ochratoxine A dans des échantillons d'aliments par chromatographie en phase liquide - spectrométrie de masse en tandem Electrospray,ONT-SOP-0116,Chromatographe en phase liquide à haute résolution/pression (CLHR ) - tandem MS / MS,,BCS.TDS2010.Mycotoxin,Étude sur l’alimentation totale 2008 et 2009 Ochratoxin A,,Santé Canada
Fromage fondu,5584,AA11,Fromage non affiné,inconnu-inconnu,Inconnu,Composite,Oui,2008-01-01,Surveillance,Non,,Québec,Québec,Canada,SC-LRO - Région de l'Ontario,2009-02-19,=,0.004,ng/g,Ochratoxine A,Mycotoxines ,0.006,0.021,,,,Results are recovery corrected,Détermination de l'ochratoxine A dans des échantillons d'aliments par chromatographie en phase liquide - spectrométrie de masse en tandem Electrospray,ONT-SOP-0116,Chromatographe en phase liquide à haute résolution/pression (CLHR ) - tandem MS / MS,,BCS.TDS2010.Mycotoxin,Étude sur l’alimentation totale 2008 et 2009 Ochratoxin A,,Santé Canada
Fromage fondu,6894,AA11,Fromage non affiné,inconnu-inconnu,Inconnu,Composite,Oui,2009-01-01,Surveillance,Non,Divers,Calgary,Alberta,Canada,SC-LRO - Région de l'Ontario,2010-03-25,<LOD/MDL,0,ng/g,Ochratoxine A,Mycotoxines ,0.005,0.017,,,,Results are recovery corrected,Détermination de l'ochratoxine A dans des échantillons d'aliments par chromatographie en phase liquide - spectrométrie de masse en tandem Electrospray,ONT-SOP-0116,Chromatographe en phase liquide à haute résolution/pression (CLHR ) - tandem MS / MS,,BCS.TDS2010.Mycotoxin,Étude sur l’alimentation totale 2008 et 2009 Ochratoxin A,,Santé Canada
"Fromage, ferme",5583,AA09,Fromage affiné,inconnu-inconnu,Inconnu,Composite,Oui,2008-01-01,Surveillance,Non,,Québec,Québec,Canada,SC-LRO - Région de l'Ontario,2009-02-19,=,0.004,ng/g,Ochratoxine A,Mycotoxines ,0.012,0.039,,,,Results are recovery corrected,Détermination de l'ochratoxine A dans des échantillons d'aliments par chromatographie en phase liquide - spectrométrie de masse en tandem Electrospray,ONT-SOP-0116,Chromatographe en phase liquide à haute résolution/pression (CLHR ) - tandem MS / MS,,BCS.TDS2010.Mycotoxin,Étude sur l’alimentation totale 2008 et 2009 Ochratoxin A,,Santé Canada
"Fromage, ferme",6893,AA09,Fromage affiné,inconnu-inconnu,Inconnu,Composite,Oui,2009-01-01,Surveillance,Non,Divers,Calgary,Alberta,Canada,SC-LRO - Région de l'Ontario,2010-03-25,<LOD/MDL,0,ng/g,Ochratoxine A,Mycotoxines ,0.003,0.01,,,,Results are recovery corrected,Détermination de l'ochratoxine A dans des échantillons d'aliments par chromatographie en phase liquide - spectrométrie de masse en tandem Electrospray,ONT-SOP-0116,Chromatographe en phase liquide à haute résolution/pression (CLHR ) - tandem MS / MS,,BCS.TDS2010.Mycotoxin,Étude sur l’alimentation totale 2008 et 2009 Ochratoxin A,,Santé Canada
"Fruits, Bleuets (myrtille)",5558,HH05,Fruits frais non traités,inconnu-inconnu,Inconnu,Composite,Oui,2008-01-01,Surveillance,Non,,Québec,Québec,Canada,SC-LRO - Région de l'Ontario,2009-03-13,<LOD/MDL,0,ng/g,Ochratoxine A,Mycotoxines ,0.002,0.007,,,,Results are recovery corrected,Détermination de l'ochratoxine A dans des échantillons d'aliments par chromatographie en phase liquide - spectrométrie de masse en tandem Electrospray,ONT-SOP-0116,Chromatographe en phase liquide à haute résolution/pression (CLHR ) - tandem MS / MS,,BCS.TDS2010.Mycotoxin,Étude sur l’alimentation totale 2008 et 2009 Ochratoxin A,,Santé Canada
"Fruits, Bleuets (myrtille)",6929,HH05,Fruits frais non traités,inconnu-inconnu,Inconnu,Composite,Oui,2009-01-01,Surveillance,Non,Divers,Calgary,Alberta,Canada,SC-LRO - Région de l'Ontario,2010-02-22,<LOD/MDL,0,ng/g,Ochratoxine A,Mycotoxines ,0.001,0.003,,,,Results are recovery corrected,Détermination de l'ochratoxine A dans des échantillons d'aliments par chromatographie en phase liquide - spectrométrie de masse en tandem Electrospray,ONT-SOP-0116,Chromatographe en phase liquide à haute résolution/pression (CLHR ) - tandem MS / MS,,BCS.TDS2010.Mycotoxin,Étude sur l’alimentation totale 2008 et 2009 Ochratoxin A,,Santé Canada
"Fruits, Raisins, semi- humide",5564,HH17,Fruits séchés ,inconnu-inconnu,Inconnu,Composite,Oui,2008-01-01,Surveillance,Non,,Québec,Québec,Canada,SC-LRO - Région de l'Ontario,2009-03-13,=,2.348,ng/g,Ochratoxine A,Mycotoxines ,0.006,0.021,,,,Results are recovery corrected,Détermination de l'ochratoxine A dans des échantillons d'aliments par chromatographie en phase liquide - spectrométrie de masse en tandem Electrospray,ONT-SOP-0116,Chromatographe en phase liquide à haute résolution/pression (CLHR ) - tandem MS / MS,,BCS.TDS2010.Mycotoxin,Étude sur l’alimentation totale 2008 et 2009 Ochratoxin A,,Santé Canada
"Fruits, Raisins, semi- humide",6932,HH17,Fruits séchés ,inconnu-inconnu,Inconnu,Composite,Oui,2009-01-01,Surveillance,Non,Divers,Calgary,Alberta,Canada,SC-LRO - Région de l'Ontario,2010-02-22,=,0.166,ng/g,Ochratoxine A,Mycotoxines ,0.001,0.004,,,,Results are recovery corrected,Détermination de l'ochratoxine A dans des échantillons d'aliments par chromatographie en phase liquide - spectrométrie de masse en tandem Electrospray,ONT-SOP-0116,Chromatographe en phase liquide à haute résolution/pression (CLHR ) - tandem MS / MS,,BCS.TDS2010.Mycotoxin,Étude sur l’alimentation totale 2008 et 2009 Ochratoxin A,,Santé Canada
"Fruits, Raisins, vert et blanc sans pépins",5548,HH11,Raisin ,inconnu-inconnu,Inconnu,Composite,Oui,2008-01-01,Surveillance,Non,,Québec,Québec,Canada,SC-LRO - Région de l'Ontario,2009-04-14,<LOD/MDL,0,ng/g,Ochratoxine A,Mycotoxines ,0.003,0.01,,,,Results are recovery corrected,Détermination de l'ochratoxine A dans des échantillons d'aliments par chromatographie en phase liquide - spectrométrie de masse en tandem Electrospray,ONT-SOP-0116,Chromatographe en phase liquide à haute résolution/pression (CLHR ) - tandem MS / MS,,BCS.TDS2010.Mycotoxin,Étude sur l’alimentation totale 2008 et 2009 Ochratoxin A,,Santé Canada
"Fruits, Raisins, vert et blanc sans pépins",6931,HH11,Raisin ,inconnu-inconnu,Inconnu,Composite,Oui,2009-01-01,Surveillance,Non,Divers,Calgary,Alberta,Canada,SC-LRO - Région de l'Ontario,2010-02-22,<LOD/MDL,0,ng/g,Ochratoxine A,Mycotoxines ,0.001,0.003,,,,Results are recovery corrected,Détermination de l'ochratoxine A dans des échantillons d'aliments par chromatographie en phase liquide - spectrométrie de masse en tandem Electrospray,ONT-SOP-0116,Chromatographe en phase liquide à haute résolution/pression (CLHR ) - tandem MS / MS,,BCS.TDS2010.Mycotoxin,Étude sur l’alimentation totale 2008 et 2009 Ochratoxin A,,Santé Canada
"Grignotines, graines, écallées",5556,JJ11,"Noix transformés, incl enrobés, en mélange (avec des fruits secs)",inconnu-inconnu,Inconnu,Composite,Oui,2008-01-01,Surveillance,Non,,Québec,Québec,Canada,SC-LRO - Région de l'Ontario,2009-04-09,=,0.072,ng/g,Ochratoxine A,Mycotoxines ,0.003,0.009,,,,Results are recovery corrected,Détermination de l'ochratoxine A dans des échantillons d'aliments par chromatographie en phase liquide - spectrométrie de masse en tandem Electrospray,ONT-SOP-0116,Chromatographe en phase liquide à haute résolution/pression (CLHR ) - tandem MS / MS,,BCS.TDS2010.Mycotoxin,Étude sur l’alimentation totale 2008 et 2009 Ochratoxin A,,Santé Canada
"Grignotines, graines, écallées",6937,JJ11,"Noix transformés, incl enrobés, en mélange (avec des fruits secs)",inconnu-inconnu,Inconnu,Composite,Oui,2009-01-01,Surveillance,Non,Divers,Calgary,Alberta,Canada,SC-LRO - Région de l'Ontario,2010-04-08,=,0.348,ng/g,Ochratoxine A,Mycotoxines ,0.002,0.007,,,,Results are recovery corrected,Détermination de l'ochratoxine A dans des échantillons d'aliments par chromatographie en phase liquide - spectrométrie de masse en tandem Electrospray,ONT-SOP-0116,Chromatographe en phase liquide à haute résolution/pression (CLHR ) - tandem MS / MS,,BCS.TDS2010.Mycotoxin,Étude sur l’alimentation totale 2008 et 2009 Ochratoxin A,,Santé Canada
"Grignotines, noix mélangées",5522,JJ12,"Noix transformés, incl enrobés, en mélange (avec des fruits secs)",inconnu-inconnu,Inconnu,Composite,Oui,2008-01-01,Surveillance,Non,,Québec,Québec,Canada,SC-LRO - Région de l'Ontario,2009-04-09,=,0.017,ng/g,Ochratoxine A,Mycotoxines ,0.002,0.007,,,,Results are recovery corrected,Détermination de l'ochratoxine A dans des échantillons d'aliments par chromatographie en phase liquide - spectrométrie de masse en tandem Electrospray,ONT-SOP-0116,Chromatographe en phase liquide à haute résolution/pression (CLHR ) - tandem MS / MS,,BCS.TDS2010.Mycotoxin,Étude sur l’alimentation totale 2008 et 2009 Ochratoxin A,,Santé Canada
"Grignotines, noix mélangées",6938,JJ12,"Noix transformés, incl enrobés, en mélange (avec des fruits secs)",inconnu-inconnu,Inconnu,Composite,Oui,2009-01-01,Surveillance,Non,Divers,Calgary,Alberta,Canada,SC-LRO - Région de l'Ontario,2010-04-08,=,0.035,ng/g,Ochratoxine A,Mycotoxines ,0.002,0.006,,,,Results are recovery corrected,Détermination de l'ochratoxine A dans des échantillons d'aliments par chromatographie en phase liquide - spectrométrie de masse en tandem Electrospray,ONT-SOP-0116,Chromatographe en phase liquide à haute résolution/pression (CLHR ) - tandem MS / MS,,BCS.TDS2010.Mycotoxin,Étude sur l’alimentation totale 2008 et 2009 Ochratoxin A,,Santé Canada
"Grignotines, popcorn, micro-ondes",5585,MM01,Amuse-gueule prêts-à-manger,inconnu-inconnu,Inconnu,Composite,Oui,2008-01-01,Surveillance,Non,,Québec,Québec,Canada,SC-LRO - Région de l'Ontario,2009-02-26,=,0.001,ng/g,Ochratoxine A,Mycotoxines ,0.001,0.003,,,,Results are recovery corrected,Détermination de l'ochratoxine A dans des échantillons d'aliments par chromatographie en phase liquide - spectrométrie de masse en tandem Electrospray,ONT-SOP-0116,Chromatographe en phase liquide à haute résolution/pression (CLHR ) - tandem MS / MS,,BCS.TDS2010.Mycotoxin,Étude sur l’alimentation totale 2008 et 2009 Ochratoxin A,,Santé Canada
"Grignotines, popcorn, micro-ondes",6951,MM01,Amuse-gueule prêts-à-manger,inconnu-inconnu,Inconnu,Composite,Oui,2009-01-01,Surveillance,Non,Divers,Calgary,Alberta,Canada,SC-LRO - Région de l'Ontario,2010-03-08,<LOD/MDL,0,ng/g,Ochratoxine A,Mycotoxines ,0.003,0.01,,,,Results are recovery corrected,Détermination de l'ochratoxine A dans des échantillons d'aliments par chromatographie en phase liquide - spectrométrie de masse en tandem Electrospray,ONT-SOP-0116,Chromatographe en phase liquide à haute résolution/pression (CLHR ) - tandem MS / MS,,BCS.TDS2010.Mycotoxin,Étude sur l’alimentation totale 2008 et 2009 Ochratoxin A,,Santé Canada
"Grignotises, chips de maïs",5563,GG27,"Grignotines à base de p. de terre, céréales, légumineuses, farine, amidon",inconnu-inconnu,Inconnu,Composite,Oui,2008-01-01,Surveillance,Non,,Québec,Québec,Canada,SC-LRO - Région de l'Ontario,2009-03-05,=,0.028,ng/g,Ochratoxine A,Mycotoxines ,0.004,0.013,,,,Results are recovery corrected,Détermination de l'ochratoxine A dans des échantillons d'aliments par chromatographie en phase liquide - spectrométrie de masse en tandem Electrospray,ONT-SOP-0116,Chromatographe en phase liquide à haute résolution/pression (CLHR ) - tandem MS / MS,,BCS.TDS2010.Mycotoxin,Étude sur l’alimentation totale 2008 et 2009 Ochratoxin A,,Santé Canada
"Grignotises, chips de maïs",6928,GG27,"Grignotines à base de p. de terre, céréales, légumineuses, farine, amidon",inconnu-inconnu,Inconnu,Composite,Oui,2009-01-01,Surveillance,Non,Divers,Calgary,Alberta,Canada,SC-LRO - Région de l'Ontario,2010-03-10,=,0.003,ng/g,Ochratoxine A,Mycotoxines ,0.001,0.004,,,,Results are recovery corrected,Détermination de l'ochratoxine A dans des échantillons d'aliments par chromatographie en phase liquide - spectrométrie de masse en tandem Electrospray,ONT-SOP-0116,Chromatographe en phase liquide à haute résolution/pression (CLHR ) - tandem MS / MS,,BCS.TDS2010.Mycotoxin,Étude sur l’alimentation totale 2008 et 2009 Ochratoxin A,,Santé Canada
Gâteau,5544,FF04,Gâteaux ,inconnu-inconnu,Inconnu,Composite,Oui,2008-01-01,Surveillance,Non,,Québec,Québec,Canada,SC-LRO - Région de l'Ontario,2009-03-27,=,0.072,ng/g,Ochratoxine A,Mycotoxines ,0.002,0.005,,,,Results are recovery corrected,Détermination de l'ochratoxine A dans des échantillons d'aliments par chromatographie en phase liquide - spectrométrie de masse en tandem Electrospray,ONT-SOP-0116,Chromatographe en phase liquide à haute résolution/pression (CLHR ) - tandem MS / MS,,BCS.TDS2010.Mycotoxin,Étude sur l’alimentation totale 2008 et 2009 Ochratoxin A,,Santé Canada
Gâteau,6907,FF04,Gâteaux ,inconnu-inconnu,Inconnu,Composite,Oui,2009-01-01,Surveillance,Non,Divers,Calgary,Alberta,Canada,SC-LRO - Région de l'Ontario,2010-03-31,=,0.042,ng/g,Ochratoxine A,Mycotoxines ,0.001,0.005,,,,Results are recovery corrected,Détermination de l'ochratoxine A dans des échantillons d'aliments par chromatographie en phase liquide - spectrométrie de masse en tandem Electrospray,ONT-SOP-0116,Chromatographe en phase liquide à haute résolution/pression (CLHR ) - tandem MS / MS,,BCS.TDS2010.Mycotoxin,Étude sur l’alimentation totale 2008 et 2009 Ochratoxin A,,Santé Canada
"Haricots, au four, en conserve",5549,GG01,Légumineuses en conserve ,inconnu-inconnu,Inconnu,Composite,Oui,2008-01-01,Surveillance,Non,,Québec,Québec,Canada,SC-LRO - Région de l'Ontario,2009-03-13,=,0.012,ng/g,Ochratoxine A,Mycotoxines ,0.003,0.01,,,,Results are recovery corrected,Détermination de l'ochratoxine A dans des échantillons d'aliments par chromatographie en phase liquide - spectrométrie de masse en tandem Electrospray,ONT-SOP-0116,Chromatographe en phase liquide à haute résolution/pression (CLHR ) - tandem MS / MS,,BCS.TDS2010.Mycotoxin,Étude sur l’alimentation totale 2008 et 2009 Ochratoxin A,,Santé Canada
"Haricots, au four, en conserve",6925,GG01,Légumineuses en conserve ,inconnu-inconnu,Inconnu,Composite,Oui,2009-01-01,Surveillance,Non,Divers,Calgary,Alberta,Canada,SC-LRO - Région de l'Ontario,2010-02-22,=,0.004,ng/g,Ochratoxine A,Mycotoxines ,0.002,0.007,,,,Results are recovery corrected,Détermination de l'ochratoxine A dans des échantillons d'aliments par chromatographie en phase liquide - spectrométrie de masse en tandem Electrospray,ONT-SOP-0116,Chromatographe en phase liquide à haute résolution/pression (CLHR ) - tandem MS / MS,,BCS.TDS2010.Mycotoxin,Étude sur l’alimentation totale 2008 et 2009 Ochratoxin A,,Santé Canada
"Haricots, à gousse",5565,GG02,Haricots ,inconnu-inconnu,Inconnu,Composite,Oui,2008-01-01,Surveillance,Non,,Québec,Québec,Canada,SC-LRO - Région de l'Ontario,2009-03-13,=,0.525,ng/g,Ochratoxine A,Mycotoxines ,0.002,0.006,,,,Results are recovery corrected,Détermination de l'ochratoxine A dans des échantillons d'aliments par chromatographie en phase liquide - spectrométrie de masse en tandem Electrospray,ONT-SOP-0116,Chromatographe en phase liquide à haute résolution/pression (CLHR ) - tandem MS / MS,,BCS.TDS2010.Mycotoxin,Étude sur l’alimentation totale 2008 et 2009 Ochratoxin A,,Santé Canada
"Haricots, à gousse",6926,GG02,Haricots ,inconnu-inconnu,Inconnu,Composite,Oui,2009-01-01,Surveillance,Non,Divers,Calgary,Alberta,Canada,SC-LRO - Région de l'Ontario,2010-02-22,<LOD/MDL,0,ng/g,Ochratoxine A,Mycotoxines ,0.002,0.007,,,,Results are recovery corrected,Détermination de l'ochratoxine A dans des échantillons d'aliments par chromatographie en phase liquide - spectrométrie de masse en tandem Electrospray,ONT-SOP-0116,Chromatographe en phase liquide à haute résolution/pression (CLHR ) - tandem MS / MS,,BCS.TDS2010.Mycotoxin,Étude sur l’alimentation totale 2008 et 2009 Ochratoxin A,,Santé Canada
Herbes et épices mélangées,5521,PP06,Fines herbes et épices,inconnu-inconnu,Inconnu,Composite,Oui,2008-01-01,Surveillance,Non,,Québec,Québec,Canada,SC-LRO - Région de l'Ontario,2009-04-09,=,0.084,ng/g,Ochratoxine A,Mycotoxines ,0.008,0.026,,,,Results are recovery corrected,Détermination de l'ochratoxine A dans des échantillons d'aliments par chromatographie en phase liquide - spectrométrie de masse en tandem Electrospray,ONT-SOP-0116,Chromatographe en phase liquide à haute résolution/pression (CLHR ) - tandem MS / MS,,BCS.TDS2010.Mycotoxin,Étude sur l’alimentation totale 2008 et 2009 Ochratoxin A,,Santé Canada
Herbes et épices mélangées,6959,PP06,Fines herbes et épices,inconnu-inconnu,Inconnu,Composite,Oui,2009-01-01,Surveillance,Non,Divers,Calgary,Alberta,Canada,SC-LRO - Région de l'Ontario,2010-04-08,=,0.075,ng/g,Ochratoxine A,Mycotoxines ,0.005,0.016,,,,Results are recovery corrected,Détermination de l'ochratoxine A dans des échantillons d'aliments par chromatographie en phase liquide - spectrométrie de masse en tandem Electrospray,ONT-SOP-0116,Chromatographe en phase liquide à haute résolution/pression (CLHR ) - tandem MS / MS,,BCS.TDS2010.Mycotoxin,Étude sur l’alimentation totale 2008 et 2009 Ochratoxin A,,Santé Canada
"Jus, de raisin",5545,HH10,Jus de fruit,inconnu-inconnu,Inconnu,Composite,Oui,2008-01-01,Surveillance,Non,,Québec,Québec,Canada,SC-LRO - Région de l'Ontario,2009-04-14,<LOD/MDL,0,ng/ml,Ochratoxine A,Mycotoxines ,0.002,0.007,,,,Results are recovery corrected,Détermination de l'ochratoxine A dans des échantillons d'aliments par chromatographie en phase liquide - spectrométrie de masse en tandem Electrospray,ONT-SOP-0116,Chromatographe en phase liquide à haute résolution/pression (CLHR ) - tandem MS / MS,,BCS.TDS2010.Mycotoxin,Étude sur l’alimentation totale 2008 et 2009 Ochratoxin A,,Santé Canada
"Jus, de raisin",6930,HH10,Jus de fruit,inconnu-inconnu,Inconnu,Composite,Oui,2009-01-01,Surveillance,Non,Divers,Calgary,Alberta,Canada,SC-LRO - Région de l'Ontario,2010-02-17,=,0.003,ng/ml,Ochratoxine A,Mycotoxines ,0.001,0.004,,,,Results are recovery corrected,Détermination de l'ochratoxine A dans des échantillons d'aliments par chromatographie en phase liquide - spectrométrie de masse en tandem Electrospray,ONT-SOP-0116,Chromatographe en phase liquide à haute résolution/pression (CLHR ) - tandem MS / MS,,BCS.TDS2010.Mycotoxin,Étude sur l’alimentation totale 2008 et 2009 Ochratoxin A,,Santé Canada
Lait au chocolat 1%,5523,AA13,Boissons  au lait aromatisées et/ou fermentées,inconnu-inconnu,Inconnu,Composite,Oui,2008-01-01,Surveillance,Non,,Québec,Québec,Canada,SC-LRO - Région de l'Ontario,2009-02-19,=,0.016,ng/ml,Ochratoxine A,Mycotoxines ,0.001,0.005,,,,Results are recovery corrected,Détermination de l'ochratoxine A dans des échantillons d'aliments par chromatographie en phase liquide - spectrométrie de masse en tandem Electrospray,ONT-SOP-0116,Chromatographe en phase liquide à haute résolution/pression (CLHR ) - tandem MS / MS,,BCS.TDS2010.Mycotoxin,Étude sur l’alimentation totale 2008 et 2009 Ochratoxin A,,Santé Canada
Lait au chocolat 1%,6895,AA13,Boissons  au lait aromatisées et/ou fermentées,inconnu-inconnu,Inconnu,Composite,Oui,2009-01-01,Surveillance,Non,Divers,Calgary,Alberta,Canada,SC-LRO - Région de l'Ontario,2010-03-25,=,0.009,ng/ml,Ochratoxine A,Mycotoxines ,0.002,0.007,,,,Results are recovery corrected,Détermination de l'ochratoxine A dans des échantillons d'aliments par chromatographie en phase liquide - spectrométrie de masse en tandem Electrospray,ONT-SOP-0116,Chromatographe en phase liquide à haute résolution/pression (CLHR ) - tandem MS / MS,,BCS.TDS2010.Mycotoxin,Étude sur l’alimentation totale 2008 et 2009 Ochratoxin A,,Santé Canada
"Lait, 2 %",5582,AA02,Lait,inconnu-inconnu,Inconnu,Composite,Oui,2008-01-01,Surveillance,Non,,Québec,Québec,Canada,SC-LRO - Région de l'Ontario,2009-02-19,<LOD/MDL,0,ng/ml,Ochratoxine A,Mycotoxines ,0.002,0.007,,,,Results are recovery corrected,Détermination de l'ochratoxine A dans des échantillons d'aliments par chromatographie en phase liquide - spectrométrie de masse en tandem Electrospray,ONT-SOP-0116,Chromatographe en phase liquide à haute résolution/pression (CLHR ) - tandem MS / MS,,BCS.TDS2010.Mycotoxin,Étude sur l’alimentation totale 2008 et 2009 Ochratoxin A,,Santé Canada
"Lait, 2 %",6891,AA02,Lait,inconnu-inconnu,Inconnu,Composite,Oui,2009-01-01,Surveillance,Non,Divers,Calgary,Alberta,Canada,SC-LRO - Région de l'Ontario,2010-03-25,<LOD/MDL,0,ng/ml,Ochratoxine A,Mycotoxines ,0.002,0.007,,,,Results are recovery corrected,Détermination de l'ochratoxine A dans des échantillons d'aliments par chromatographie en phase liquide - spectrométrie de masse en tandem Electrospray,ONT-SOP-0116,Chromatographe en phase liquide à haute résolution/pression (CLHR ) - tandem MS / MS,,BCS.TDS2010.Mycotoxin,Étude sur l’alimentation totale 2008 et 2009 Ochratoxin A,,Santé Canada
"Muffins, régulier",5543,FF13,Muffins ,inconnu-inconnu,Inconnu,Composite,Oui,2008-01-01,Surveillance,Non,,Québec,Québec,Canada,SC-LRO - Région de l'Ontario,2009-02-26,=,0.195,ng/g,Ochratoxine A,Mycotoxines ,0.002,0.006,,,,Results are recovery corrected,Détermination de l'ochratoxine A dans des échantillons d'aliments par chromatographie en phase liquide - spectrométrie de masse en tandem Electrospray,ONT-SOP-0116,Chromatographe en phase liquide à haute résolution/pression (CLHR ) - tandem MS / MS,,BCS.TDS2010.Mycotoxin,Étude sur l’alimentation totale 2008 et 2009 Ochratoxin A,,Santé Canada
"Muffins, régulier",6916,FF13,Muffins ,inconnu-inconnu,Inconnu,Composite,Oui,2009-01-01,Surveillance,Non,Divers,Calgary,Alberta,Canada,SC-LRO - Région de l'Ontario,2010-03-08,=,0.186,ng/g,Ochratoxine A,Mycotoxines ,0.002,0.008,,,,Results are recovery corrected,Détermination de l'ochratoxine A dans des échantillons d'aliments par chromatographie en phase liquide - spectrométrie de masse en tandem Electrospray,ONT-SOP-0116,Chromatographe en phase liquide à haute résolution/pression (CLHR ) - tandem MS / MS,,BCS.TDS2010.Mycotoxin,Étude sur l’alimentation totale 2008 et 2009 Ochratoxin A,,Santé Canada
"Mélange de légumes, nourriture pour bébé",6950,LL09,Aliments pour bébés,inconnu-inconnu,Inconnu,Composite,Oui,2009-01-01,Surveillance,Non,Divers,Calgary,Alberta,Canada,SC-LRO - Région de l'Ontario,2010-02-22,<LOD/MDL,0,ng/g,Ochratoxine A,Mycotoxines ,0.002,0.007,,,,Results are recovery corrected,Détermination de l'ochratoxine A dans des échantillons d'aliments par chromatographie en phase liquide - spectrométrie de masse en tandem Electrospray,ONT-SOP-0116,Chromatographe en phase liquide à haute résolution/pression (CLHR ) - tandem MS / MS,,BCS.TDS2010.Mycotoxin,Étude sur l’alimentation totale 2008 et 2009 Ochratoxin A,,Santé Canada
"Mélanges, pour crêpes et gaufres",5576,FF14,Mélanges pour produits de boulangerie ,inconnu-inconnu,Inconnu,Composite,Oui,2008-01-01,Surveillance,Non,,Québec,Québec,Canada,SC-LRO - Région de l'Ontario,2009-02-26,=,0.099,ng/g,Ochratoxine A,Mycotoxines ,0.002,0.006,,,,Results are recovery corrected,Détermination de l'ochratoxine A dans des échantillons d'aliments par chromatographie en phase liquide - spectrométrie de masse en tandem Electrospray,ONT-SOP-0116,Chromatographe en phase liquide à haute résolution/pression (CLHR ) - tandem MS / MS,,BCS.TDS2010.Mycotoxin,Étude sur l’alimentation totale 2008 et 2009 Ochratoxin A,,Santé Canada
"Mélanges, pour crêpes et gaufres",6917,FF14,Mélanges pour produits de boulangerie ,inconnu-inconnu,Inconnu,Composite,Oui,2009-01-01,Surveillance,Non,Divers,Calgary,Alberta,Canada,SC-LRO - Région de l'Ontario,2010-03-08,=,0.157,ng/g,Ochratoxine A,Mycotoxines ,0.003,0.012,,,,Results are recovery corrected,Détermination de l'ochratoxine A dans des échantillons d'aliments par chromatographie en phase liquide - spectrométrie de masse en tandem Electrospray,ONT-SOP-0116,Chromatographe en phase liquide à haute résolution/pression (CLHR ) - tandem MS / MS,,BCS.TDS2010.Mycotoxin,Étude sur l’alimentation totale 2008 et 2009 Ochratoxin A,,Santé Canada
Oeufs frais,5579,CC01,Oeufs frais,inconnu-inconnu,Inconnu,Composite,Oui,2008-01-01,Surveillance,Non,,Québec,Québec,Canada,SC-LRO - Région de l'Ontario,2009-04-09,<LOD/MDL,0,ng/g,Ochratoxine A,Mycotoxines ,0.006,0.02,,,,Results are recovery corrected,Détermination de l'ochratoxine A dans des échantillons d'aliments par chromatographie en phase liquide - spectrométrie de masse en tandem Electrospray,ONT-SOP-0116,Chromatographe en phase liquide à haute résolution/pression (CLHR ) - tandem MS / MS,,BCS.TDS2010.Mycotoxin,Étude sur l’alimentation totale 2008 et 2009 Ochratoxin A,,Santé Canada
Oeufs frais,6903,CC01,Oeufs frais,inconnu-inconnu,Inconnu,Composite,Oui,2009-01-01,Surveillance,Non,Divers,Calgary,Alberta,Canada,SC-LRO - Région de l'Ontario,2010-04-08,<LOD/MDL,0,ng/g,Ochratoxine A,Mycotoxines ,0.004,0.013,,,,Results are recovery corrected,Détermination de l'ochratoxine A dans des échantillons d'aliments par chromatographie en phase liquide - spectrométrie de masse en tandem Electrospray,ONT-SOP-0116,Chromatographe en phase liquide à haute résolution/pression (CLHR ) - tandem MS / MS,,BCS.TDS2010.Mycotoxin,Étude sur l’alimentation totale 2008 et 2009 Ochratoxin A,,Santé Canada
Pain,5518,FF21,"Autres produits boulangerie ordinaire (bagels, pita)",inconnu-inconnu,Inconnu,Composite,Oui,2008-01-01,Surveillance,Non,,Québec,Québec,Canada,SC-LRO - Région de l'Ontario,2009-02-26,=,0.453,ng/g,Ochratoxine A,Mycotoxines ,0.002,0.007,,,,Results are recovery corrected,Détermination de l'ochratoxine A dans des échantillons d'aliments par chromatographie en phase liquide - spectrométrie de masse en tandem Electrospray,ONT-SOP-0116,Chromatographe en phase liquide à haute résolution/pression (CLHR ) - tandem MS / MS,,BCS.TDS2010.Mycotoxin,Étude sur l’alimentation totale 2008 et 2009 Ochratoxin A,,Santé Canada
Pain,6924,FF21,"Autres produits boulangerie ordinaire (bagels, pita)",inconnu-inconnu,Inconnu,Composite,Oui,2009-01-01,Surveillance,Non,Divers,Calgary,Alberta,Canada,SC-LRO - Région de l'Ontario,2010-03-08,=,0.419,ng/g,Ochratoxine A,Mycotoxines ,0.002,0.005,,,,Results are recovery corrected,Détermination de l'ochratoxine A dans des échantillons d'aliments par chromatographie en phase liquide - spectrométrie de masse en tandem Electrospray,ONT-SOP-0116,Chromatographe en phase liquide à haute résolution/pression (CLHR ) - tandem MS / MS,,BCS.TDS2010.Mycotoxin,Étude sur l’alimentation totale 2008 et 2009 Ochratoxin A,,Santé Canada
"Pain, Blanc",5580,FF01,Pain ,inconnu-inconnu,Inconnu,Composite,Oui,2008-01-01,Surveillance,Non,,Québec,Québec,Canada,SC-LRO - Région de l'Ontario,2009-02-26,=,0.769,ng/g,Ochratoxine A,Mycotoxines ,0.002,0.008,,,,Results are recovery corrected,Détermination de l'ochratoxine A dans des échantillons d'aliments par chromatographie en phase liquide - spectrométrie de masse en tandem Electrospray,ONT-SOP-0116,Chromatographe en phase liquide à haute résolution/pression (CLHR ) - tandem MS / MS,,BCS.TDS2010.Mycotoxin,Étude sur l’alimentation totale 2008 et 2009 Ochratoxin A,,Santé Canada
"Pain, Blanc",6904,FF01,Pain ,inconnu-inconnu,Inconnu,Composite,Oui,2009-01-01,Surveillance,Non,Divers,Calgary,Alberta,Canada,SC-LRO - Région de l'Ontario,2010-03-08,=,0.666,ng/g,Ochratoxine A,Mycotoxines ,0.003,0.011,,,,Results are recovery corrected,Détermination de l'ochratoxine A dans des échantillons d'aliments par chromatographie en phase liquide - spectrométrie de masse en tandem Electrospray,ONT-SOP-0116,Chromatographe en phase liquide à haute résolution/pression (CLHR ) - tandem MS / MS,,BCS.TDS2010.Mycotoxin,Étude sur l’alimentation totale 2008 et 2009 Ochratoxin A,,Santé Canada
"Pain, blé entier",5581,FF02,Pain ,inconnu-inconnu,Inconnu,Composite,Oui,2008-01-01,Surveillance,Non,,Québec,Québec,Canada,SC-LRO - Région de l'Ontario,2009-02-26,=,1.272,ng/g,Ochratoxine A,Mycotoxines ,0.004,0.013,,,,Results are recovery corrected,Détermination de l'ochratoxine A dans des échantillons d'aliments par chromatographie en phase liquide - spectrométrie de masse en tandem Electrospray,ONT-SOP-0116,Chromatographe en phase liquide à haute résolution/pression (CLHR ) - tandem MS / MS,,BCS.TDS2010.Mycotoxin,Étude sur l’alimentation totale 2008 et 2009 Ochratoxin A,,Santé Canada
"Pain, blé entier",6905,FF02,Pain ,inconnu-inconnu,Inconnu,Composite,Oui,2009-01-01,Surveillance,Non,Divers,Calgary,Alberta,Canada,SC-LRO - Région de l'Ontario,2010-03-08,=,0.833,ng/g,Ochratoxine A,Mycotoxines ,0.003,0.011,,,,Results are recovery corrected,Détermination de l'ochratoxine A dans des échantillons d'aliments par chromatographie en phase liquide - spectrométrie de masse en tandem Electrospray,ONT-SOP-0116,Chromatographe en phase liquide à haute résolution/pression (CLHR ) - tandem MS / MS,,BCS.TDS2010.Mycotoxin,Étude sur l’alimentation totale 2008 et 2009 Ochratoxin A,,Santé Canada
"Pain, de seigle",5577,FF03,Pain ,inconnu-inconnu,Inconnu,Composite,Oui,2008-01-01,Surveillance,Non,,Québec,Québec,Canada,SC-LRO - Région de l'Ontario,2009-02-26,=,0.997,ng/g,Ochratoxine A,Mycotoxines ,0.003,0.009,,,,Results are recovery corrected,Détermination de l'ochratoxine A dans des échantillons d'aliments par chromatographie en phase liquide - spectrométrie de masse en tandem Electrospray,ONT-SOP-0116,Chromatographe en phase liquide à haute résolution/pression (CLHR ) - tandem MS / MS,,BCS.TDS2010.Mycotoxin,Étude sur l’alimentation totale 2008 et 2009 Ochratoxin A,,Santé Canada
"Pain, de seigle",6906,FF03,Pain ,inconnu-inconnu,Inconnu,Composite,Oui,2009-01-01,Surveillance,Non,Divers,Calgary,Alberta,Canada,SC-LRO - Région de l'Ontario,2010-03-08,=,0.565,ng/g,Ochratoxine A,Mycotoxines ,0.003,0.009,,,,Results are recovery corrected,Détermination de l'ochratoxine A dans des échantillons d'aliments par chromatographie en phase liquide - spectrométrie de masse en tandem Electrospray,ONT-SOP-0116,Chromatographe en phase liquide à haute résolution/pression (CLHR ) - tandem MS / MS,,BCS.TDS2010.Mycotoxin,Étude sur l’alimentation totale 2008 et 2009 Ochratoxin A,,Santé Canada
Petits pains et pain mollets,5575,FF20,Pains mollets,inconnu-inconnu,Inconnu,Composite,Oui,2008-01-01,Surveillance,Non,,Québec,Québec,Canada,SC-LRO - Région de l'Ontario,2009-02-26,=,1.015,ng/g,Ochratoxine A,Mycotoxines ,0.002,0.008,,,,Results are recovery corrected,Détermination de l'ochratoxine A dans des échantillons d'aliments par chromatographie en phase liquide - spectrométrie de masse en tandem Electrospray,ONT-SOP-0116,Chromatographe en phase liquide à haute résolution/pression (CLHR ) - tandem MS / MS,,BCS.TDS2010.Mycotoxin,Étude sur l’alimentation totale 2008 et 2009 Ochratoxin A,,Santé Canada
Petits pains et pain mollets,6923,FF20,Pains mollets,inconnu-inconnu,Inconnu,Composite,Oui,2009-01-01,Surveillance,Non,Divers,Calgary,Alberta,Canada,SC-LRO - Région de l'Ontario,2010-03-08,=,1.236,ng/g,Ochratoxine A,Mycotoxines ,0.004,0.014,,,,Results are recovery corrected,Détermination de l'ochratoxine A dans des échantillons d'aliments par chromatographie en phase liquide - spectrométrie de masse en tandem Electrospray,ONT-SOP-0116,Chromatographe en phase liquide à haute résolution/pression (CLHR ) - tandem MS / MS,,BCS.TDS2010.Mycotoxin,Étude sur l’alimentation totale 2008 et 2009 Ochratoxin A,,Santé Canada
Petits pois,5557,GG14,Pois ,inconnu-inconnu,Inconnu,Composite,Oui,2008-01-01,Surveillance,Non,,Québec,Québec,Canada,SC-LRO - Région de l'Ontario,2009-03-13,<LOD/MDL,0,ng/g,Ochratoxine A,Mycotoxines ,0.003,0.01,,,,Results are recovery corrected,Détermination de l'ochratoxine A dans des échantillons d'aliments par chromatographie en phase liquide - spectrométrie de masse en tandem Electrospray,ONT-SOP-0116,Chromatographe en phase liquide à haute résolution/pression (CLHR ) - tandem MS / MS,,BCS.TDS2010.Mycotoxin,Étude sur l’alimentation totale 2008 et 2009 Ochratoxin A,,Santé Canada
Petits pois,6927,GG14,Pois ,inconnu-inconnu,Inconnu,Composite,Oui,2009-01-01,Surveillance,Non,Divers,Calgary,Alberta,Canada,SC-LRO - Région de l'Ontario,2010-02-22,<LOD/MDL,0,ng/g,Ochratoxine A,Mycotoxines ,0.003,0.01,,,,Results are recovery corrected,Détermination de l'ochratoxine A dans des échantillons d'aliments par chromatographie en phase liquide - spectrométrie de masse en tandem Electrospray,ONT-SOP-0116,Chromatographe en phase liquide à haute résolution/pression (CLHR ) - tandem MS / MS,,BCS.TDS2010.Mycotoxin,Étude sur l’alimentation totale 2008 et 2009 Ochratoxin A,,Santé Canada
"Porc haché, autres",5586,BB04,Porc ,inconnu-inconnu,Inconnu,Composite,Oui,2008-01-01,Surveillance,Non,,Québec,Québec,Canada,SC-LRO - Région de l'Ontario,2009-04-02,=,0.031,ng/g,Ochratoxine A,Mycotoxines ,0.005,0.016,,,,Results are recovery corrected,Détermination de l'ochratoxine A dans des échantillons d'aliments par chromatographie en phase liquide - spectrométrie de masse en tandem Electrospray,ONT-SOP-0116,Chromatographe en phase liquide à haute résolution/pression (CLHR ) - tandem MS / MS,,BCS.TDS2010.Mycotoxin,Étude sur l’alimentation totale 2008 et 2009 Ochratoxin A,,Santé Canada
"Porc haché, autres",6896,BB04,Porc ,inconnu-inconnu,Inconnu,Composite,Oui,2009-01-01,Surveillance,Non,Divers,Calgary,Alberta,Canada,SC-LRO - Région de l'Ontario,2010-04-14,=,0.228,ng/g,Ochratoxine A,Mycotoxines ,0.002,0.007,,,,Results are recovery corrected,Détermination de l'ochratoxine A dans des échantillons d'aliments par chromatographie en phase liquide - spectrométrie de masse en tandem Electrospray,ONT-SOP-0116,Chromatographe en phase liquide à haute résolution/pression (CLHR ) - tandem MS / MS,,BCS.TDS2010.Mycotoxin,Étude sur l’alimentation totale 2008 et 2009 Ochratoxin A,,Santé Canada
"Porc, salé, cuit",5573,BB05,Porc ,inconnu-inconnu,Inconnu,Composite,Oui,2008-01-01,Surveillance,Non,,Québec,Québec,Canada,SC-LRO - Région de l'Ontario,2009-04-02,=,0.063,ng/g,Ochratoxine A,Mycotoxines ,0.005,0.018,,,,Results are recovery corrected,Détermination de l'ochratoxine A dans des échantillons d'aliments par chromatographie en phase liquide - spectrométrie de masse en tandem Electrospray,ONT-SOP-0116,Chromatographe en phase liquide à haute résolution/pression (CLHR ) - tandem MS / MS,,BCS.TDS2010.Mycotoxin,Étude sur l’alimentation totale 2008 et 2009 Ochratoxin A,,Santé Canada
"Porc, salé, cuit",6897,BB05,Porc ,inconnu-inconnu,Inconnu,Composite,Oui,2009-01-01,Surveillance,Non,Divers,Calgary,Alberta,Canada,SC-LRO - Région de l'Ontario,2010-04-14,=,0.195,ng/g,Ochratoxine A,Mycotoxines ,0.002,0.006,,,,Results are recovery corrected,Détermination de l'ochratoxine A dans des échantillons d'aliments par chromatographie en phase liquide - spectrométrie de masse en tandem Electrospray,ONT-SOP-0116,Chromatographe en phase liquide à haute résolution/pression (CLHR ) - tandem MS / MS,,BCS.TDS2010.Mycotoxin,Étude sur l’alimentation totale 2008 et 2009 Ochratoxin A,,Santé Canada
Pouding,5574,JJ08,"Desserts à base de lait (p. ex., flan, crème glacée, yogourt aromatisé)",inconnu-inconnu,Inconnu,Composite,Oui,2008-01-01,Surveillance,Non,,Québec,Québec,Canada,SC-LRO - Région de l'Ontario,2009-03-27,=,0.026,ng/g,Ochratoxine A,Mycotoxines ,0.002,0.006,,,,Results are recovery corrected,Détermination de l'ochratoxine A dans des échantillons d'aliments par chromatographie en phase liquide - spectrométrie de masse en tandem Electrospray,ONT-SOP-0116,Chromatographe en phase liquide à haute résolution/pression (CLHR ) - tandem MS / MS,,BCS.TDS2010.Mycotoxin,Étude sur l’alimentation totale 2008 et 2009 Ochratoxin A,,Santé Canada
Pouding,6936,JJ08,"Desserts à base de lait (p. ex., flan, crème glacée, yogourt aromatisé)",inconnu-inconnu,Inconnu,Composite,Oui,2009-01-01,Surveillance,Non,Divers,Calgary,Alberta,Canada,SC-LRO - Région de l'Ontario,2010-03-31,=,0.016,ng/g,Ochratoxine A,Mycotoxines ,0.001,0.004,,,,Results are recovery corrected,Détermination de l'ochratoxine A dans des échantillons d'aliments par chromatographie en phase liquide - spectrométrie de masse en tandem Electrospray,ONT-SOP-0116,Chromatographe en phase liquide à haute résolution/pression (CLHR ) - tandem MS / MS,,BCS.TDS2010.Mycotoxin,Étude sur l’alimentation totale 2008 et 2009 Ochratoxin A,,Santé Canada
"Préparations nourrissons, Prêt à boire, lait, 0-12",5567,LL05,A base de lait,inconnu-inconnu,Inconnu,Composite,Oui,2008-01-01,Surveillance,Non,,Québec,Québec,Canada,SC-LRO - Région de l'Ontario,2009-02-19,=,0.004,ng/ml,Ochratoxine A,Mycotoxines ,0.007,0.022,,,,Results are recovery corrected,Détermination de l'ochratoxine A dans des échantillons d'aliments par chromatographie en phase liquide - spectrométrie de masse en tandem Electrospray,ONT-SOP-0116,Chromatographe en phase liquide à haute résolution/pression (CLHR ) - tandem MS / MS,,BCS.TDS2010.Mycotoxin,Étude sur l’alimentation totale 2008 et 2009 Ochratoxin A,,Santé Canada
"Préparations nourrissons, Prêt à boire, lait, 0-12",6947,LL05,A base de lait,inconnu-inconnu,Inconnu,Composite,Oui,2009-01-01,Surveillance,Non,Divers,Calgary,Alberta,Canada,SC-LRO - Région de l'Ontario,2010-03-25,=,0.004,ng/ml,Ochratoxine A,Mycotoxines ,0.003,0.011,,,,Results are recovery corrected,Détermination de l'ochratoxine A dans des échantillons d'aliments par chromatographie en phase liquide - spectrométrie de masse en tandem Electrospray,ONT-SOP-0116,Chromatographe en phase liquide à haute résolution/pression (CLHR ) - tandem MS / MS,,BCS.TDS2010.Mycotoxin,Étude sur l’alimentation totale 2008 et 2009 Ochratoxin A,,Santé Canada
"Préparations nourrissons, Prêt à boire, soja, 0-12",5568,LL06,A base de soya,inconnu-inconnu,Inconnu,Composite,Oui,2008-01-01,Surveillance,Non,,Québec,Québec,Canada,SC-LRO - Région de l'Ontario,2009-02-19,=,0.014,ng/ml,Ochratoxine A,Mycotoxines ,0.001,0.004,,,,Results are recovery corrected,Détermination de l'ochratoxine A dans des échantillons d'aliments par chromatographie en phase liquide - spectrométrie de masse en tandem Electrospray,ONT-SOP-0116,Chromatographe en phase liquide à haute résolution/pression (CLHR ) - tandem MS / MS,,BCS.TDS2010.Mycotoxin,Étude sur l’alimentation totale 2008 et 2009 Ochratoxin A,,Santé Canada
"Préparations nourrissons, Prêt à boire, soja, 0-12",6948,LL06,A base de soya,inconnu-inconnu,Inconnu,Composite,Oui,2009-01-01,Surveillance,Non,Divers,Calgary,Alberta,Canada,SC-LRO - Région de l'Ontario,2010-03-25,=,0.017,ng/ml,Ochratoxine A,Mycotoxines ,0.002,0.008,,,,Results are recovery corrected,Détermination de l'ochratoxine A dans des échantillons d'aliments par chromatographie en phase liquide - spectrométrie de masse en tandem Electrospray,ONT-SOP-0116,Chromatographe en phase liquide à haute résolution/pression (CLHR ) - tandem MS / MS,,BCS.TDS2010.Mycotoxin,Étude sur l’alimentation totale 2008 et 2009 Ochratoxin A,,Santé Canada
"Pâtes, nature",5538,FF16,Pâtes et nouilles sèches précuites et autres produits semblables,inconnu-inconnu,Inconnu,Composite,Oui,2008-01-01,Surveillance,Non,,Québec,Québec,Canada,SC-LRO - Région de l'Ontario,2009-03-27,=,0.343,ng/g,Ochratoxine A,Mycotoxines ,0.002,0.005,,,,Results are recovery corrected,Détermination de l'ochratoxine A dans des échantillons d'aliments par chromatographie en phase liquide - spectrométrie de masse en tandem Electrospray,ONT-SOP-0116,Chromatographe en phase liquide à haute résolution/pression (CLHR ) - tandem MS / MS,,BCS.TDS2010.Mycotoxin,Étude sur l’alimentation totale 2008 et 2009 Ochratoxin A,,Santé Canada
"Pâtes, nature",6919,FF16,Pâtes et nouilles sèches précuites et autres produits semblables,inconnu-inconnu,Inconnu,Composite,Oui,2009-01-01,Surveillance,Non,Divers,Calgary,Alberta,Canada,SC-LRO - Région de l'Ontario,2010-03-31,=,0.07,ng/g,Ochratoxine A,Mycotoxines ,0.001,0.005,,,,Results are recovery corrected,Détermination de l'ochratoxine A dans des échantillons d'aliments par chromatographie en phase liquide - spectrométrie de masse en tandem Electrospray,ONT-SOP-0116,Chromatographe en phase liquide à haute résolution/pression (CLHR ) - tandem MS / MS,,BCS.TDS2010.Mycotoxin,Étude sur l’alimentation totale 2008 et 2009 Ochratoxin A,,Santé Canada
"Pâtes, plats composés",5542,FF15,Pâtes et nouilles sèches précuites et autres produits semblables,inconnu-inconnu,Inconnu,Composite,Oui,2008-01-01,Surveillance,Non,,Québec,Québec,Canada,SC-LRO - Région de l'Ontario,2009-03-27,=,0.132,ng/g,Ochratoxine A,Mycotoxines ,0.002,0.006,,,,Results are recovery corrected,Détermination de l'ochratoxine A dans des échantillons d'aliments par chromatographie en phase liquide - spectrométrie de masse en tandem Electrospray,ONT-SOP-0116,Chromatographe en phase liquide à haute résolution/pression (CLHR ) - tandem MS / MS,,BCS.TDS2010.Mycotoxin,Étude sur l’alimentation totale 2008 et 2009 Ochratoxin A,,Santé Canada
"Pâtes, plats composés",6918,FF15,Pâtes et nouilles sèches précuites et autres produits semblables,inconnu-inconnu,Inconnu,Composite,Oui,2009-01-01,Surveillance,Non,Divers,Calgary,Alberta,Canada,SC-LRO - Région de l'Ontario,2010-03-31,=,0.067,ng/g,Ochratoxine A,Mycotoxines ,0.001,0.004,,,,Results are recovery corrected,Détermination de l'ochratoxine A dans des échantillons d'aliments par chromatographie en phase liquide - spectrométrie de masse en tandem Electrospray,ONT-SOP-0116,Chromatographe en phase liquide à haute résolution/pression (CLHR ) - tandem MS / MS,,BCS.TDS2010.Mycotoxin,Étude sur l’alimentation totale 2008 et 2009 Ochratoxin A,,Santé Canada
"Restauration rapide, hamburgers",5541,NN03,Aliments de restauration rapide,inconnu-inconnu,Inconnu,Composite,Oui,2008-01-01,Surveillance,Non,,Québec,Québec,Canada,SC-LRO - Région de l'Ontario,2009-04-02,=,0.44,ng/g,Ochratoxine A,Mycotoxines ,0.001,0.003,,,,Results are recovery corrected,Détermination de l'ochratoxine A dans des échantillons d'aliments par chromatographie en phase liquide - spectrométrie de masse en tandem Electrospray,ONT-SOP-0116,Chromatographe en phase liquide à haute résolution/pression (CLHR ) - tandem MS / MS,,BCS.TDS2010.Mycotoxin,Étude sur l’alimentation totale 2008 et 2009 Ochratoxin A,,Santé Canada
"Restauration rapide, hamburgers",6954,NN03,Aliments de restauration rapide,inconnu-inconnu,Inconnu,Composite,Oui,2009-01-01,Surveillance,Non,Divers,Calgary,Alberta,Canada,SC-LRO - Région de l'Ontario,2010-04-14,=,0.218,ng/g,Ochratoxine A,Mycotoxines ,0.001,0.004,,,,Results are recovery corrected,Détermination de l'ochratoxine A dans des échantillons d'aliments par chromatographie en phase liquide - spectrométrie de masse en tandem Electrospray,ONT-SOP-0116,Chromatographe en phase liquide à haute résolution/pression (CLHR ) - tandem MS / MS,,BCS.TDS2010.Mycotoxin,Étude sur l’alimentation totale 2008 et 2009 Ochratoxin A,,Santé Canada
"Restauration rapide, hamburgers au poulet",5537,NN04,Aliments de restauration rapide,inconnu-inconnu,Inconnu,Composite,Oui,2008-01-01,Surveillance,Non,,Québec,Québec,Canada,SC-LRO - Région de l'Ontario,2009-04-02,=,0.32,ng/g,Ochratoxine A,Mycotoxines ,0.004,0.012,,,,Results are recovery corrected,Détermination de l'ochratoxine A dans des échantillons d'aliments par chromatographie en phase liquide - spectrométrie de masse en tandem Electrospray,ONT-SOP-0116,Chromatographe en phase liquide à haute résolution/pression (CLHR ) - tandem MS / MS,,BCS.TDS2010.Mycotoxin,Étude sur l’alimentation totale 2008 et 2009 Ochratoxin A,,Santé Canada
"Restauration rapide, hamburgers au poulet",6955,NN04,Aliments de restauration rapide,inconnu-inconnu,Inconnu,Composite,Oui,2009-01-01,Surveillance,Non,Divers,Calgary,Alberta,Canada,SC-LRO - Région de l'Ontario,2010-04-14,=,0.234,ng/g,Ochratoxine A,Mycotoxines ,0.002,0.007,,,,Results are recovery corrected,Détermination de l'ochratoxine A dans des échantillons d'aliments par chromatographie en phase liquide - spectrométrie de masse en tandem Electrospray,ONT-SOP-0116,Chromatographe en phase liquide à haute résolution/pression (CLHR ) - tandem MS / MS,,BCS.TDS2010.Mycotoxin,Étude sur l’alimentation totale 2008 et 2009 Ochratoxin A,,Santé Canada
"Restauration rapide, hot-dogs",5533,NN05,Aliments de restauration rapide,inconnu-inconnu,Inconnu,Composite,Oui,2008-01-01,Surveillance,Non,,Québec,Québec,Canada,SC-LRO - Région de l'Ontario,2009-04-02,=,0.382,ng/g,Ochratoxine A,Mycotoxines ,0.005,0.017,,,,Results are recovery corrected,Détermination de l'ochratoxine A dans des échantillons d'aliments par chromatographie en phase liquide - spectrométrie de masse en tandem Electrospray,ONT-SOP-0116,Chromatographe en phase liquide à haute résolution/pression (CLHR ) - tandem MS / MS,,BCS.TDS2010.Mycotoxin,Étude sur l’alimentation totale 2008 et 2009 Ochratoxin A,,Santé Canada
"Restauration rapide, hot-dogs",6956,NN05,Aliments de restauration rapide,inconnu-inconnu,Inconnu,Composite,Oui,2009-01-01,Surveillance,Non,Divers,Calgary,Alberta,Canada,SC-LRO - Région de l'Ontario,2010-04-14,=,0.414,ng/g,Ochratoxine A,Mycotoxines ,0.002,0.008,,,,Results are recovery corrected,Détermination de l'ochratoxine A dans des échantillons d'aliments par chromatographie en phase liquide - spectrométrie de masse en tandem Electrospray,ONT-SOP-0116,Chromatographe en phase liquide à haute résolution/pression (CLHR ) - tandem MS / MS,,BCS.TDS2010.Mycotoxin,Étude sur l’alimentation totale 2008 et 2009 Ochratoxin A,,Santé Canada
"Restauration rapide, pizza",5554,NN01,Aliments de restauration rapide,inconnu-inconnu,Inconnu,Composite,Oui,2008-01-01,Surveillance,Non,,Québec,Québec,Canada,SC-LRO - Région de l'Ontario,2009-04-09,=,0.21,ng/g,Ochratoxine A,Mycotoxines ,0.003,0.01,,,,Results are recovery corrected,Détermination de l'ochratoxine A dans des échantillons d'aliments par chromatographie en phase liquide - spectrométrie de masse en tandem Electrospray,ONT-SOP-0116,Chromatographe en phase liquide à haute résolution/pression (CLHR ) - tandem MS / MS,,BCS.TDS2010.Mycotoxin,Étude sur l’alimentation totale 2008 et 2009 Ochratoxin A,,Santé Canada
"Restauration rapide, pizza",6953,NN01,Aliments de restauration rapide,inconnu-inconnu,Inconnu,Composite,Oui,2009-01-01,Surveillance,Non,Divers,Calgary,Alberta,Canada,SC-LRO - Région de l'Ontario,2010-04-08,=,0.225,ng/g,Ochratoxine A,Mycotoxines ,0.001,0.004,,,,Results are recovery corrected,Détermination de l'ochratoxine A dans des échantillons d'aliments par chromatographie en phase liquide - spectrométrie de masse en tandem Electrospray,ONT-SOP-0116,Chromatographe en phase liquide à haute résolution/pression (CLHR ) - tandem MS / MS,,BCS.TDS2010.Mycotoxin,Étude sur l’alimentation totale 2008 et 2009 Ochratoxin A,,Santé Canada
"Restauration rapide, pépite de poulet",5553,NN06,Aliments de restauration rapide,inconnu-inconnu,Inconnu,Composite,Oui,2008-01-01,Surveillance,Non,,Québec,Québec,Canada,SC-LRO - Région de l'Ontario,2009-04-02,=,0.094,ng/g,Ochratoxine A,Mycotoxines ,0.004,0.014,,,,Results are recovery corrected,Détermination de l'ochratoxine A dans des échantillons d'aliments par chromatographie en phase liquide - spectrométrie de masse en tandem Electrospray,ONT-SOP-0116,Chromatographe en phase liquide à haute résolution/pression (CLHR ) - tandem MS / MS,,BCS.TDS2010.Mycotoxin,Étude sur l’alimentation totale 2008 et 2009 Ochratoxin A,,Santé Canada
"Restauration rapide, pépite de poulet",6957,NN06,Aliments de restauration rapide,inconnu-inconnu,Inconnu,Composite,Oui,2009-01-01,Surveillance,Non,Divers,Calgary,Alberta,Canada,SC-LRO - Région de l'Ontario,2010-04-14,=,0.036,ng/g,Ochratoxine A,Mycotoxines ,0.002,0.006,,,,Results are recovery corrected,Détermination de l'ochratoxine A dans des échantillons d'aliments par chromatographie en phase liquide - spectrométrie de masse en tandem Electrospray,ONT-SOP-0116,Chromatographe en phase liquide à haute résolution/pression (CLHR ) - tandem MS / MS,,BCS.TDS2010.Mycotoxin,Étude sur l’alimentation totale 2008 et 2009 Ochratoxin A,,Santé Canada
"Riz blanc (grain long, moyen, court)",5526,FF19,Riz,inconnu-inconnu,Inconnu,Composite,Oui,2008-01-01,Surveillance,Non,,Québec,Québec,Canada,SC-LRO - Région de l'Ontario,2009-02-26,<LOD/MDL,0,ng/g,Ochratoxine A,Mycotoxines ,0,0.001,,,,Results are recovery corrected,Détermination de l'ochratoxine A dans des échantillons d'aliments par chromatographie en phase liquide - spectrométrie de masse en tandem Electrospray,ONT-SOP-0116,Chromatographe en phase liquide à haute résolution/pression (CLHR ) - tandem MS / MS,,BCS.TDS2010.Mycotoxin,Étude sur l’alimentation totale 2008 et 2009 Ochratoxin A,,Santé Canada
"Riz blanc (grain long, moyen, court)",6922,FF19,Riz,inconnu-inconnu,Inconnu,Composite,Oui,2009-01-01,Surveillance,Non,Divers,Calgary,Alberta,Canada,SC-LRO - Région de l'Ontario,2010-03-08,=,0.003,ng/g,Ochratoxine A,Mycotoxines ,0.002,0.007,,,,Results are recovery corrected,Détermination de l'ochratoxine A dans des échantillons d'aliments par chromatographie en phase liquide - spectrométrie de masse en tandem Electrospray,ONT-SOP-0116,Chromatographe en phase liquide à haute résolution/pression (CLHR ) - tandem MS / MS,,BCS.TDS2010.Mycotoxin,Étude sur l’alimentation totale 2008 et 2009 Ochratoxin A,,Santé Canada
Sauce soya,5519,PP07,Sauce soya fermentée,inconnu-inconnu,Inconnu,Composite,Oui,2008-01-01,Surveillance,Non,,Québec,Québec,Canada,SC-LRO - Région de l'Ontario,2009-04-14,=,0.004,ng/ml,Ochratoxine A,Mycotoxines ,0.002,0.007,,,,Results are recovery corrected,Détermination de l'ochratoxine A dans des échantillons d'aliments par chromatographie en phase liquide - spectrométrie de masse en tandem Electrospray,ONT-SOP-0116,Chromatographe en phase liquide à haute résolution/pression (CLHR ) - tandem MS / MS,,BCS.TDS2010.Mycotoxin,Étude sur l’alimentation totale 2008 et 2009 Ochratoxin A,,Santé Canada
Sauce soya,6960,PP07,Sauce soya fermentée,inconnu-inconnu,Inconnu,Composite,Oui,2009-01-01,Surveillance,Non,Divers,Calgary,Alberta,Canada,SC-LRO - Région de l'Ontario,2010-02-17,<LOD/MDL,0,ng/ml,Ochratoxine A,Mycotoxines ,0.002,0.007,,,,Results are recovery corrected,Détermination de l'ochratoxine A dans des échantillons d'aliments par chromatographie en phase liquide - spectrométrie de masse en tandem Electrospray,ONT-SOP-0116,Chromatographe en phase liquide à haute résolution/pression (CLHR ) - tandem MS / MS,,BCS.TDS2010.Mycotoxin,Étude sur l’alimentation totale 2008 et 2009 Ochratoxin A,,Santé Canada
Saucisses fumées,5561,BB11,Autre ,inconnu-inconnu,Inconnu,Composite,Oui,2008-01-01,Surveillance,Non,,Québec,Québec,Canada,SC-LRO - Région de l'Ontario,2009-04-02,=,0.117,ng/g,Ochratoxine A,Mycotoxines ,0.003,0.009,,,,Results are recovery corrected,Détermination de l'ochratoxine A dans des échantillons d'aliments par chromatographie en phase liquide - spectrométrie de masse en tandem Electrospray,ONT-SOP-0116,Chromatographe en phase liquide à haute résolution/pression (CLHR ) - tandem MS / MS,,BCS.TDS2010.Mycotoxin,Étude sur l’alimentation totale 2008 et 2009 Ochratoxin A,,Santé Canada
Saucisses fumées,6902,BB11,Autre ,inconnu-inconnu,Inconnu,Composite,Oui,2009-01-01,Surveillance,Non,Divers,Calgary,Alberta,Canada,SC-LRO - Région de l'Ontario,2010-04-14,=,0.061,ng/g,Ochratoxine A,Mycotoxines ,0.002,0.006,,,,Results are recovery corrected,Détermination de l'ochratoxine A dans des échantillons d'aliments par chromatographie en phase liquide - spectrométrie de masse en tandem Electrospray,ONT-SOP-0116,Chromatographe en phase liquide à haute résolution/pression (CLHR ) - tandem MS / MS,,BCS.TDS2010.Mycotoxin,Étude sur l’alimentation totale 2008 et 2009 Ochratoxin A,,Santé Canada
"Tarte, autre",5530,FF18,Autres produits de boulangerie ,inconnu-inconnu,Inconnu,Composite,Oui,2008-01-01,Surveillance,Non,,Québec,Québec,Canada,SC-LRO - Région de l'Ontario,2009-03-27,=,0.112,ng/g,Ochratoxine A,Mycotoxines ,0.001,0.005,,,,Results are recovery corrected,Détermination de l'ochratoxine A dans des échantillons d'aliments par chromatographie en phase liquide - spectrométrie de masse en tandem Electrospray,ONT-SOP-0116,Chromatographe en phase liquide à haute résolution/pression (CLHR ) - tandem MS / MS,,BCS.TDS2010.Mycotoxin,Étude sur l’alimentation totale 2008 et 2009 Ochratoxin A,,Santé Canada
"Tarte, autre",6921,FF18,Autres produits de boulangerie ,inconnu-inconnu,Inconnu,Composite,Oui,2009-01-01,Surveillance,Non,Divers,Calgary,Alberta,Canada,SC-LRO - Région de l'Ontario,2010-03-31,=,0.088,ng/g,Ochratoxine A,Mycotoxines ,0.002,0.005,,,,Results are recovery corrected,Détermination de l'ochratoxine A dans des échantillons d'aliments par chromatographie en phase liquide - spectrométrie de masse en tandem Electrospray,ONT-SOP-0116,Chromatographe en phase liquide à haute résolution/pression (CLHR ) - tandem MS / MS,,BCS.TDS2010.Mycotoxin,Étude sur l’alimentation totale 2008 et 2009 Ochratoxin A,,Santé Canada
"Tartes, pomme",5534,FF17,Autres produits de boulangerie ,inconnu-inconnu,Inconnu,Composite,Oui,2008-01-01,Surveillance,Non,,Québec,Québec,Canada,SC-LRO - Région de l'Ontario,2009-03-27,=,0.111,ng/g,Ochratoxine A,Mycotoxines ,0.002,0.006,,,,Results are recovery corrected,Détermination de l'ochratoxine A dans des échantillons d'aliments par chromatographie en phase liquide - spectrométrie de masse en tandem Electrospray,ONT-SOP-0116,Chromatographe en phase liquide à haute résolution/pression (CLHR ) - tandem MS / MS,,BCS.TDS2010.Mycotoxin,Étude sur l’alimentation totale 2008 et 2009 Ochratoxin A,,Santé Canada
"Tartes, pomme",6920,FF17,Autres produits de boulangerie ,inconnu-inconnu,Inconnu,Composite,Oui,2009-01-01,Surveillance,Non,Divers,Calgary,Alberta,Canada,SC-LRO - Région de l'Ontario,2010-03-31,=,0.135,ng/g,Ochratoxine A,Mycotoxines ,0.002,0.006,,,,Results are recovery corrected,Détermination de l'ochratoxine A dans des échantillons d'aliments par chromatographie en phase liquide - spectrométrie de masse en tandem Electrospray,ONT-SOP-0116,Chromatographe en phase liquide à haute résolution/pression (CLHR ) - tandem MS / MS,,BCS.TDS2010.Mycotoxin,Étude sur l’alimentation totale 2008 et 2009 Ochratoxin A,,Santé Canada
Thé,5525,KK06,"Café et subst., thés, boissons chaudes à base céréales, grains, excl cacao",inconnu-inconnu,Inconnu,Composite,Oui,2008-01-01,Surveillance,Non,,Québec,Québec,Canada,SC-LRO - Région de l'Ontario,2009-04-14,<LOD/MDL,0,ng/ml,Ochratoxine A,Mycotoxines ,0.002,0.007,,,,Results are recovery corrected,Détermination de l'ochratoxine A dans des échantillons d'aliments par chromatographie en phase liquide - spectrométrie de masse en tandem Electrospray,ONT-SOP-0116,Chromatographe en phase liquide à haute résolution/pression (CLHR ) - tandem MS / MS,,BCS.TDS2010.Mycotoxin,Étude sur l’alimentation totale 2008 et 2009 Ochratoxin A,,Santé Canada
Thé,6942,KK06,"Café et subst., thés, boissons chaudes à base céréales, grains, excl cacao",inconnu-inconnu,Inconnu,Composite,Oui,2009-01-01,Surveillance,Non,Divers,Calgary,Alberta,Canada,SC-LRO - Région de l'Ontario,2010-02-17,<LOD/MDL,0,ng/ml,Ochratoxine A,Mycotoxines ,0.002,0.007,,,,Results are recovery corrected,Détermination de l'ochratoxine A dans des échantillons d'aliments par chromatographie en phase liquide - spectrométrie de masse en tandem Electrospray,ONT-SOP-0116,Chromatographe en phase liquide à haute résolution/pression (CLHR ) - tandem MS / MS,,BCS.TDS2010.Mycotoxin,Étude sur l’alimentation totale 2008 et 2009 Ochratoxin A,,Santé Canada
Vanille,5524,PP05,"Sauces claires (p. ex., sauces de poisson)",inconnu-inconnu,Inconnu,Composite,Oui,2008-01-01,Surveillance,Non,,Québec,Québec,Canada,SC-LRO - Région de l'Ontario,2009-02-19,<LOD/MDL,0,ng/ml,Ochratoxine A,Mycotoxines ,0.002,0.007,,,,Results are recovery corrected,Détermination de l'ochratoxine A dans des échantillons d'aliments par chromatographie en phase liquide - spectrométrie de masse en tandem Electrospray,ONT-SOP-0116,Chromatographe en phase liquide à haute résolution/pression (CLHR ) - tandem MS / MS,,BCS.TDS2010.Mycotoxin,Étude sur l’alimentation totale 2008 et 2009 Ochratoxin A,,Santé Canada
Vanille,6958,PP05,"Sauces claires (p. ex., sauces de poisson)",inconnu-inconnu,Inconnu,Composite,Oui,2009-01-01,Surveillance,Non,Divers,Calgary,Alberta,Canada,SC-LRO - Région de l'Ontario,2010-03-25,=,0.018,ng/ml,Ochratoxine A,Mycotoxines ,0.001,0.005,,,,Results are recovery corrected,Détermination de l'ochratoxine A dans des échantillons d'aliments par chromatographie en phase liquide - spectrométrie de masse en tandem Electrospray,ONT-SOP-0116,Chromatographe en phase liquide à haute résolution/pression (CLHR ) - tandem MS / MS,,BCS.TDS2010.Mycotoxin,Étude sur l’alimentation totale 2008 et 2009 Ochratoxin A,,Santé Canada
"Viandes froides, en conserve",5552,BB09,Autre ,inconnu-inconnu,Inconnu,Composite,Oui,2008-01-01,Surveillance,Non,,Québec,Québec,Canada,SC-LRO - Région de l'Ontario,2009-04-02,=,0.012,ng/g,Ochratoxine A,Mycotoxines ,0.003,0.011,,,,Results are recovery corrected,Détermination de l'ochratoxine A dans des échantillons d'aliments par chromatographie en phase liquide - spectrométrie de masse en tandem Electrospray,ONT-SOP-0116,Chromatographe en phase liquide à haute résolution/pression (CLHR ) - tandem MS / MS,,BCS.TDS2010.Mycotoxin,Étude sur l’alimentation totale 2008 et 2009 Ochratoxin A,,Santé Canada
"Viandes froides, en conserve",6900,BB09,Autre ,inconnu-inconnu,Inconnu,Composite,Oui,2009-01-01,Surveillance,Non,Divers,Calgary,Alberta,Canada,SC-LRO - Région de l'Ontario,2010-04-14,=,0.014,ng/g,Ochratoxine A,Mycotoxines ,0.002,0.006,,,,Results are recovery corrected,Détermination de l'ochratoxine A dans des échantillons d'aliments par chromatographie en phase liquide - spectrométrie de masse en tandem Electrospray,ONT-SOP-0116,Chromatographe en phase liquide à haute résolution/pression (CLHR ) - tandem MS / MS,,BCS.TDS2010.Mycotoxin,Étude sur l’alimentation totale 2008 et 2009 Ochratoxin A,,Santé Canada
"Vin, autres",5547,KK02,Vin non pétillant,inconnu-inconnu,Inconnu,Composite,Oui,2008-01-01,Surveillance,Non,,Québec,Québec,Canada,SC-LRO - Région de l'Ontario,2009-04-14,=,0.022,ng/ml,Ochratoxine A,Mycotoxines ,0.002,0.007,,,,Results are recovery corrected,Détermination de l'ochratoxine A dans des échantillons d'aliments par chromatographie en phase liquide - spectrométrie de masse en tandem Electrospray,ONT-SOP-0116,Chromatographe en phase liquide à haute résolution/pression (CLHR ) - tandem MS / MS,,BCS.TDS2010.Mycotoxin,Étude sur l’alimentation totale 2008 et 2009 Ochratoxin A,,Santé Canada
